City_ID,City,Country,Date,Lat,Lng,Max Temp,Humidity,Cloudiness,Wind Speed
0,Cidreira,BR,2021-11-23 17:12:29,-30.1811,-50.2056,72.73,58,32,15.61
1,Hobart,AU,2021-11-23 17:12:29,-42.8794,147.3294,60.66,84,100,5.75
2,Punta Arenas,CL,2021-11-23 17:12:29,-53.15,-70.9167,53.71,62,40,25.32
3,Aklavik,CA,2021-11-23 17:12:30,68.2191,-135.0107,-12.84,96,100,9.66
4,Tezu,IN,2021-11-23 17:12:30,27.9167,96.1667,61.7,83,40,4.56
5,Malinyi,TZ,2021-11-23 17:12:31,-8.9333,36.1333,86.38,37,9,5.64
6,Hami,CN,2021-11-23 17:12:31,42.8,93.45,26.89,63,53,2.15
7,Rzhev,RU,2021-11-23 17:12:32,56.2624,34.3282,24.66,58,31,6.85
8,Nikolskoye,RU,2021-11-23 17:12:32,59.7035,30.7861,32.88,83,33,5.41
9,Rikitea,PF,2021-11-23 17:08:27,-23.1203,-134.9692,76.01,81,2,14.07
10,Tiksi,RU,2021-11-23 17:12:33,71.6872,128.8694,-21.42,98,85,6.85
11,Bengkulu,ID,2021-11-23 17:12:33,-3.8004,102.2655,75.42,88,100,5.97
12,Ushuaia,AR,2021-11-23 17:09:50,-54.8,-68.3,44.26,61,90,5.75
13,Solnechnyy,RU,2021-11-23 17:12:34,50.7214,136.6319,12.81,96,100,6.17
14,Jinxiang,CN,2021-11-23 17:12:34,27.4327,120.6062,49.21,66,1,5.64
15,Dubbo,AU,2021-11-23 17:12:34,-32.25,148.6167,66.33,82,40,11.5
16,Bluff,NZ,2021-11-23 17:12:35,-46.6,168.3333,52.14,80,60,12.21
17,Khatanga,RU,2021-11-23 17:12:35,71.9667,102.5,0.7,80,100,18.72
18,Victoria,HK,2021-11-23 17:08:03,22.2855,114.1577,64.38,60,51,1.01
19,Vaini,TO,2021-11-23 17:12:36,-21.2,-175.2,69.96,100,40,0.0
20,Castro,BR,2021-11-23 17:12:08,-24.7911,-50.0119,84.38,35,10,5.66
21,Tasiilaq,GL,2021-11-23 17:12:36,65.6145,-37.6368,24.96,61,75,7.27
22,Nouadhibou,MR,2021-11-23 17:12:37,20.931,-17.0347,70.95,78,92,14.97
23,Deputatskiy,RU,2021-11-23 17:12:37,69.3,139.9,-27.2,98,46,3.09
24,Thompson,CA,2021-11-23 17:12:38,55.7435,-97.8558,8.78,89,100,6.82
25,Mataura,NZ,2021-11-23 17:12:38,-46.1927,168.8643,45.81,94,88,2.44
26,Belmonte,BR,2021-11-23 17:12:38,-15.8631,-38.8828,79.3,73,89,6.02
27,Shahe,CN,2021-11-23 17:12:39,39.2708,113.5478,28.42,36,0,8.86
28,Cortez,US,2021-11-23 17:12:39,37.3489,-108.5859,49.42,21,100,3.94
29,Gat,IL,2021-11-23 17:12:40,31.61,34.7642,66.88,100,1,4.56
30,Charters Towers,AU,2021-11-23 17:12:40,-20.1,146.2667,74.7,87,99,11.56
31,Sri Aman,MY,2021-11-23 17:12:41,1.2376,111.4621,72.41,99,100,0.72
32,Port Elizabeth,ZA,2021-11-23 17:12:37,-33.918,25.5701,63.1,67,55,14.58
33,Hambantota,LK,2021-11-23 17:12:41,6.1241,81.1185,78.37,84,100,4.27
34,Kapaa,US,2021-11-23 17:12:42,22.0752,-159.319,77.32,83,90,11.5
35,Albany,US,2021-11-23 17:12:42,42.6001,-73.9662,37.45,50,4,5.99
36,Bambous Virieux,MU,2021-11-23 17:12:42,-20.3428,57.7575,74.21,73,47,7.14
37,Catuday,PH,2021-11-23 17:12:43,16.2923,119.8062,80.33,75,9,7.45
38,Puerto Ayora,EC,2021-11-23 17:12:43,-0.7393,-90.3518,76.96,71,15,9.35
39,Dickinson,US,2021-11-23 17:12:44,29.4608,-95.0513,69.75,54,1,1.01
40,Porto Novo,BJ,2021-11-23 17:12:44,6.4965,2.6036,82.65,75,99,8.16
41,Aasiaat,GL,2021-11-23 17:12:44,68.7098,-52.8699,1.8,79,71,19.55
42,Hithadhoo,MV,2021-11-23 17:12:45,-0.6,73.0833,82.27,75,100,17.4
43,Cape Town,ZA,2021-11-23 17:11:27,-33.9258,18.4232,70.12,61,62,21.09
44,Fortuna,US,2021-11-23 17:12:46,40.5982,-124.1573,49.32,96,1,3.0
45,Jamestown,US,2021-11-23 17:12:46,42.097,-79.2353,35.19,92,90,5.99
46,Stromness,GB,2021-11-23 17:13:46,58.965,-3.296,49.96,87,100,30.74
47,Saurimo,AO,2021-11-23 17:13:47,-9.6608,20.3916,73.35,77,95,2.82
48,Bredasdorp,ZA,2021-11-23 17:13:47,-34.5322,20.0403,66.27,62,67,9.82
49,Chopinzinho,BR,2021-11-23 17:13:47,-25.8558,-52.5233,87.51,33,23,6.06
50,Alice Springs,AU,2021-11-23 17:13:48,-23.7,133.8833,65.75,100,75,10.36
51,Busselton,AU,2021-11-23 17:13:48,-33.65,115.3333,54.09,80,0,10.13
52,Hermanus,ZA,2021-11-23 17:13:49,-34.4187,19.2345,69.91,69,60,13.87
53,Wewak,PG,2021-11-23 17:13:49,-3.5534,143.6268,79.84,84,100,4.36
54,Deniliquin,AU,2021-11-23 17:13:49,-35.5333,144.9667,64.0,93,100,8.28
55,Estelle,US,2021-11-23 17:13:50,29.8458,-90.1067,60.98,46,1,10.36
56,Cururupu,BR,2021-11-23 17:13:50,-1.8283,-44.8683,90.36,50,63,8.1
57,Alofi,NU,2021-11-23 17:13:51,-19.0595,-169.9187,77.67,73,80,9.69
58,Kaeo,NZ,2021-11-23 17:13:51,-35.1,173.7833,61.32,96,93,6.11
59,Mandalgovi,MN,2021-11-23 17:13:51,45.7625,106.2708,23.05,36,9,11.43
60,Cherskiy,RU,2021-11-23 17:13:52,68.75,161.3,-33.74,99,37,4.79
61,Poum,NC,2021-11-23 17:13:52,-20.2333,164.0167,78.17,80,100,5.97
62,Ardahan,TR,2021-11-23 17:13:53,41.1087,42.7022,34.2,69,28,1.99
63,La Rioja,ES,2021-11-23 17:13:53,42.25,-2.5,35.49,100,100,3.42
64,Provideniya,RU,2021-11-23 17:13:53,64.3833,-173.3,9.66,66,4,9.22
65,East London,ZA,2021-11-23 17:13:54,-33.0153,27.9116,63.54,67,0,21.85
66,Bethel,US,2021-11-23 17:13:55,41.3712,-73.414,41.77,53,20,1.99
67,Cayenne,GF,2021-11-23 17:13:55,4.9333,-52.3333,87.84,80,75,5.99
68,Hilo,US,2021-11-23 17:12:03,19.7297,-155.09,69.62,79,40,8.05
69,Cap Malheureux,MU,2021-11-23 17:13:55,-19.9842,57.6142,74.46,83,47,1.99
70,Sawakin,SD,2021-11-23 17:13:56,19.1059,37.3321,78.57,61,40,8.63
71,Rantepao,ID,2021-11-23 17:13:56,-2.9701,119.8978,67.75,98,100,2.48
72,Torbay,CA,2021-11-23 17:13:57,47.6666,-52.7314,41.58,85,75,27.63
73,Avarua,CK,2021-11-23 17:13:57,-21.2078,-159.775,68.05,83,100,1.14
74,Ostrovnoy,RU,2021-11-23 17:13:57,68.0531,39.5131,15.24,91,96,7.81
75,Tuy Hoa,VN,2021-11-23 17:13:58,13.0833,109.3,76.03,90,100,13.98
76,Barrow,US,2021-11-23 17:13:58,71.2906,-156.7887,1.42,71,90,5.75
77,Souillac,MU,2021-11-23 17:13:58,-20.5167,57.5167,74.35,74,63,7.45
78,Vangaindrano,MG,2021-11-23 17:13:59,-23.35,47.6,74.34,91,74,11.23
79,New Norfolk,AU,2021-11-23 17:13:59,-42.7826,147.0587,60.3,71,100,3.18
80,Saskylakh,RU,2021-11-23 17:14:00,71.9167,114.0833,-26.45,97,11,10.54
81,Dikson,RU,2021-11-23 17:14:00,73.5069,80.5464,-1.64,97,100,15.77
82,Tabou,CI,2021-11-23 17:14:01,4.423,-7.3528,82.31,76,37,7.52
83,Rawson,AR,2021-11-23 17:14:01,-43.3002,-65.1023,80.26,29,93,30.85
84,Vao,NC,2021-11-23 17:14:01,-22.6667,167.4833,73.71,77,94,10.78
85,Tessalit,ML,2021-11-23 17:14:02,20.1986,1.0114,85.32,22,93,10.38
86,Boa Vista,BR,2021-11-23 17:14:02,2.8197,-60.6733,91.38,49,40,8.05
87,Butaritari,KI,2021-11-23 17:14:03,3.0707,172.7902,81.82,76,52,16.93
88,Callaway,US,2021-11-23 17:14:03,30.153,-85.5699,56.91,37,1,4.0
89,Upernavik,GL,2021-11-23 17:12:28,72.7868,-56.1549,0.39,71,16,6.89
90,Pisco,PE,2021-11-23 17:12:35,-13.7,-76.2167,69.85,73,0,9.22
91,Bay Roberts,CA,2021-11-23 17:15:04,47.5999,-53.2648,42.33,79,100,10.0
92,De-Kastri,RU,2021-11-23 17:15:04,51.4667,140.7833,28.81,76,91,14.18
93,Glossa,GR,2021-11-23 17:15:05,35.4717,23.7763,64.09,70,85,7.07
94,Saint-Philippe,RE,2021-11-23 17:15:05,-21.3585,55.7679,76.59,77,62,6.22
95,Kaitangata,NZ,2021-11-23 17:15:06,-46.2817,169.8464,45.1,95,54,5.88
96,Kahului,US,2021-11-23 17:11:45,20.8947,-156.47,76.84,82,20,5.75
97,Kodiak,US,2021-11-23 17:15:06,57.79,-152.4072,9.91,56,1,5.75
98,Yaan,NG,2021-11-23 17:15:07,7.3833,8.5667,89.96,34,41,3.51
99,Ha Giang,VN,2021-11-23 17:15:07,22.8333,104.9833,59.18,81,100,1.19
100,Novonikolayevskaya,RU,2021-11-23 17:15:08,45.5892,38.3689,43.41,85,100,12.19
101,Ajdabiya,LY,2021-11-23 17:15:08,30.7554,20.2263,71.76,33,24,6.29
102,Shingu,JP,2021-11-23 17:15:09,33.7333,135.9833,49.01,67,18,13.02
103,Fort Saint James,CA,2021-11-23 17:15:09,54.4333,-124.25,28.08,88,100,2.26
104,Lorengau,PG,2021-11-23 17:15:10,-2.0226,147.2712,81.84,79,99,10.47
105,Constantine,DZ,2021-11-23 17:15:10,36.365,6.6147,54.81,54,20,8.05
106,Racine,US,2021-11-23 17:15:11,42.7495,-88.0751,39.18,41,5,5.99
107,Newtyle,GB,2021-11-23 17:15:11,56.5585,-3.1437,46.0,90,20,1.01
108,Benguela,AO,2021-11-23 17:15:11,-12.5763,13.4055,79.18,77,97,6.29
109,Algiers,DZ,2021-11-23 17:11:58,36.7525,3.042,62.42,55,75,3.44
110,Arlit,NE,2021-11-23 17:15:12,18.7369,7.3853,86.13,13,16,7.45
111,Aqtobe,KZ,2021-11-23 17:15:13,50.2797,57.2072,26.69,93,40,0.0
112,Carnarvon,AU,2021-11-23 17:12:41,-24.8667,113.6333,69.87,83,0,13.8
113,Ketchikan,US,2021-11-23 17:15:13,55.3422,-131.6461,36.07,100,90,4.61
114,Beringovskiy,RU,2021-11-23 17:15:14,63.05,179.3167,-7.83,88,20,9.33
115,Aksu,CN,2021-11-23 17:15:14,41.1231,80.2644,31.37,48,6,1.25
116,Komsomolskiy,UZ,2021-11-23 17:15:14,40.4272,71.7189,39.92,52,79,4.61
117,Saint Marys,US,2021-11-23 17:15:15,30.7305,-81.5465,57.06,50,1,8.99
118,Salalah,OM,2021-11-23 17:15:15,17.0151,54.0924,82.49,44,0,1.14
119,Nantucket,US,2021-11-23 17:14:57,41.2835,-70.0995,42.91,56,90,19.57
120,Adrar,MR,2021-11-23 17:13:58,20.5022,-10.0711,89.13,21,85,4.18
121,Camacha,PT,2021-11-23 17:15:16,33.0833,-16.3333,66.96,77,20,10.36
122,Houma,US,2021-11-23 17:14:39,29.5958,-90.7195,61.0,54,1,10.36
123,Geraldton,AU,2021-11-23 17:15:17,-28.7667,114.6,59.41,82,0,12.66
124,Ribeira Grande,PT,2021-11-23 17:15:17,38.5167,-28.7,68.4,94,20,13.8
125,Bocas Del Toro,PA,2021-11-23 17:15:18,9.3333,-82.25,79.74,76,100,8.75
126,Acireale,IT,2021-11-23 17:15:18,37.6125,15.1663,61.81,77,40,5.75
127,Tuktoyaktuk,CA,2021-11-23 17:15:18,69.4541,-133.0374,-0.4,85,90,10.36
128,Fairbanks,US,2021-11-23 17:15:02,64.8378,-147.7164,1.36,60,90,4.61
129,Hope,US,2021-11-23 17:15:19,33.6671,-93.5916,60.98,44,0,7.0
130,Ermelo,ZA,2021-11-23 17:10:33,-26.5333,29.9833,60.57,36,21,3.36
131,Gorom-Gorom,BF,2021-11-23 17:15:20,14.4439,-0.2361,93.09,11,4,8.28
132,Pevek,RU,2021-11-23 17:16:20,69.7008,170.3133,-19.59,99,57,2.91
133,Pangnirtung,CA,2021-11-23 17:12:38,66.1451,-65.7125,24.33,66,100,28.19
134,Krasnoselkup,RU,2021-11-23 17:16:21,65.7,82.4667,19.89,94,100,15.19
135,Son La,VN,2021-11-23 17:16:21,21.3167,103.9,52.9,90,87,3.09
136,Yulara,AU,2021-11-23 17:16:22,-25.2406,130.9889,67.84,68,75,10.36
137,Esperance,AU,2021-11-23 17:16:22,-33.8667,121.9,58.84,67,66,7.05
138,Naze,JP,2021-11-23 17:16:22,28.3667,129.4833,57.96,68,48,12.97
139,Asosa,ET,2021-11-23 17:16:23,10.0667,34.5333,68.31,48,61,6.31
140,Miraflores,MX,2021-11-23 17:16:23,19.2167,-98.8083,66.96,59,74,1.39
141,Faranah,GN,2021-11-23 17:16:24,10.0404,-10.7434,86.36,39,0,3.91
142,Hasaki,JP,2021-11-23 17:16:24,35.7333,140.8333,39.49,60,3,9.71
143,Severo-Kurilsk,RU,2021-11-23 17:16:24,50.6789,156.125,37.27,96,100,26.73
144,Clyde River,CA,2021-11-23 17:16:08,70.4692,-68.5914,19.63,93,40,23.02
145,Cockburn Town,TC,2021-11-23 17:16:25,21.4612,-71.1419,81.43,73,57,11.83
146,Itarema,BR,2021-11-23 17:16:25,-2.9248,-39.9167,88.48,57,12,18.43
147,Tuatapere,NZ,2021-11-23 17:15:44,-46.1333,167.6833,46.09,94,88,2.57
148,Mahanoro,MG,2021-11-23 17:16:26,-19.9,48.8,77.09,74,18,11.79
149,Maldonado,UY,2021-11-23 17:16:24,-34.6667,-54.9167,65.59,39,0,11.34
150,Grindavik,IS,2021-11-23 17:16:27,63.8424,-22.4338,34.27,80,75,5.75
151,Tupik,RU,2021-11-23 17:16:27,54.4253,119.9327,-2.34,84,90,3.31
152,Nayagarh,IN,2021-11-23 17:16:28,20.1333,85.1,74.25,84,35,1.81
153,Sangar,RU,2021-11-23 17:16:28,63.9242,127.4739,-29.38,99,100,2.77
154,Radstadt,AT,2021-11-23 17:16:28,47.3833,13.45,36.59,98,6,3.31
155,Mehamn,NO,2021-11-23 17:16:29,71.0357,27.8492,24.98,63,0,18.41
156,Farkhor,TJ,2021-11-23 17:16:29,37.4922,69.4036,54.48,25,100,2.64
157,Ancud,CL,2021-11-23 17:13:53,-41.8697,-73.8203,68.43,79,65,9.15
158,Porto De Moz,BR,2021-11-23 17:16:30,-1.7483,-52.2383,94.37,40,65,2.95
159,Poya,NC,2021-11-23 17:16:30,-21.35,165.15,75.51,87,92,5.32
160,Mount Gambier,AU,2021-11-23 17:16:31,-37.8333,140.7667,51.71,100,90,0.0
161,San Carlos De Bariloche,AR,2021-11-23 17:16:31,-41.1456,-71.3082,80.44,26,20,21.85
162,Kuznechnoye,RU,2021-11-23 17:16:31,61.12,29.8686,28.99,78,94,6.93
163,Lastoursville,GA,2021-11-23 17:16:32,-0.8143,12.7287,75.49,93,78,1.05
164,Qaanaaq,GL,2021-11-23 17:16:32,77.484,-69.3632,-5.94,72,95,9.37
165,Ngunguru,NZ,2021-11-23 17:16:32,-35.6167,174.5,61.16,86,100,8.41
166,Hearst,CA,2021-11-23 17:16:33,49.6835,-83.6665,17.85,72,74,7.99
167,Columbus,US,2021-11-23 17:11:36,39.9612,-82.9988,39.33,56,20,1.99
168,Tabora,TZ,2021-11-23 17:16:34,-5.0167,32.8,73.06,56,58,3.96
169,Skelmorlie,GB,2021-11-23 17:16:34,55.8695,-4.8848,48.52,85,100,8.12
170,Nanortalik,GL,2021-11-23 17:16:34,60.1432,-45.2371,27.88,48,78,1.77
171,Nome,US,2021-11-23 17:16:35,64.5011,-165.4064,6.87,47,1,0.0
172,Eyl,SO,2021-11-23 17:16:35,7.9803,49.8164,80.17,73,92,13.78
173,Gawler,AU,2021-11-23 17:15:03,-34.6,138.7333,68.47,82,100,6.26
174,Kalmar,SE,2021-11-23 17:16:36,56.6616,16.3616,40.96,89,0,4.61
175,Tazovskiy,RU,2021-11-23 17:12:37,67.4667,78.7,16.23,93,100,13.06
176,Kyra,RU,2021-11-23 17:17:36,49.5776,111.9753,10.72,88,100,2.26
177,Roros,NO,2021-11-23 17:17:37,62.5747,11.3842,39.04,75,75,9.22
178,Mahebourg,MU,2021-11-23 17:17:37,-20.4081,57.7,77.29,73,40,4.61
179,Kysyl-Syr,RU,2021-11-23 17:16:40,63.8986,122.7617,-29.0,100,17,3.53
180,Ogaki,JP,2021-11-23 17:17:38,35.35,136.6167,49.95,64,18,8.37
181,Khani,GE,2021-11-23 17:16:55,41.9563,42.9566,40.57,64,66,4.74
182,Miranda,CO,2021-11-23 17:17:38,3.2499,-76.2281,79.65,83,100,2.93
183,Kattivakkam,IN,2021-11-23 17:17:39,13.2167,80.3167,83.07,86,27,8.86
184,Kutum,SD,2021-11-23 17:17:39,14.2,24.6667,69.93,15,3,9.62
185,Abnub,EG,2021-11-23 17:17:39,27.2696,31.1511,68.67,40,14,8.32
186,Nemuro,JP,2021-11-23 17:15:49,43.3236,145.575,39.72,70,97,9.48
187,Morant Bay,JM,2021-11-23 17:17:40,17.8815,-76.4093,85.62,67,63,4.54
188,Goderich,CA,2021-11-23 17:17:40,43.7501,-81.7165,34.92,80,99,3.44
189,Fengcheng,CN,2021-11-23 17:17:19,40.4536,124.0717,23.32,48,0,1.7
190,Awjilah,LY,2021-11-23 17:17:41,29.1081,21.2869,71.37,29,73,8.03
191,Atuona,PF,2021-11-23 17:17:41,-9.8,-139.0333,76.95,81,78,13.04
192,Obo,CF,2021-11-23 17:17:42,5.3998,26.4869,77.11,40,4,1.92
193,Constitucion,CL,2021-11-23 17:17:42,-35.3333,-72.4167,65.64,69,13,11.63
194,Chuy,UY,2021-11-23 17:17:42,-33.6971,-53.4616,68.22,43,0,12.88
195,Iguai,BR,2021-11-23 17:17:43,-14.7564,-40.0892,80.67,76,98,1.92
196,Georgetown,MY,2021-11-23 17:16:44,5.4112,100.3354,78.73,92,40,1.01
197,Puerto Leguizamo,CO,2021-11-23 17:16:05,-0.1934,-74.7819,76.26,95,100,2.06
198,Basoko,CD,2021-11-23 17:17:43,1.2391,23.616,78.26,73,75,1.57
199,Kalmunai,LK,2021-11-23 17:17:44,7.4167,81.8167,77.36,91,100,6.87
200,Lasa,IT,2021-11-23 17:17:44,46.6166,10.7002,41.88,87,12,2.37
201,Araci,BR,2021-11-23 17:17:45,-11.3333,-38.9667,94.77,31,97,5.26
202,Eregli,TR,2021-11-23 17:17:45,37.5133,34.0467,51.44,55,100,2.91
203,Klaksvik,FO,2021-11-23 17:17:45,62.2266,-6.589,47.32,84,99,27.63
204,Manta,EC,2021-11-23 17:13:53,-0.95,-80.7333,82.18,69,20,9.22
205,Mlowo,TZ,2021-11-23 17:17:46,-9.0,32.9833,73.04,40,88,3.56
206,Karoi,ZW,2021-11-23 17:17:47,-16.8099,29.6925,66.31,85,82,7.36
207,Vanavara,RU,2021-11-23 17:17:47,60.34,102.2797,10.2,99,95,4.07
208,Tamiahua,MX,2021-11-23 17:17:47,21.2667,-97.45,74.39,65,84,9.95
209,Auki,SB,2021-11-23 17:13:47,-8.7676,160.7034,76.73,87,71,4.47
210,Paamiut,GL,2021-11-23 17:17:48,61.994,-49.6678,29.3,58,100,20.13
211,Kavieng,PG,2021-11-23 17:17:48,-2.5744,150.7967,82.53,78,99,16.06
212,Itoman,JP,2021-11-23 17:17:48,26.1247,127.6694,66.22,60,40,14.97
213,Leningradskiy,RU,2021-11-23 17:17:35,69.3833,178.4167,-13.38,83,76,4.92
214,Berlevag,NO,2021-11-23 17:17:49,70.8578,29.0864,23.0,63,0,20.71
215,Coquimbo,CL,2021-11-23 17:17:49,-29.9533,-71.3436,62.33,72,90,12.66
216,Richards Bay,ZA,2021-11-23 17:17:50,-28.783,32.0377,68.9,77,48,18.12
217,Aykhal,RU,2021-11-23 17:17:15,66.0,111.5,-25.64,100,85,7.58
218,Lakatoro,VU,2021-11-23 17:17:50,-16.0999,167.4164,79.12,84,93,6.2
219,Talnakh,RU,2021-11-23 17:17:22,69.4865,88.3972,9.43,90,98,11.95
220,Tottori,JP,2021-11-23 17:13:51,35.5,134.2333,46.27,70,69,20.42
221,Avera,US,2021-11-23 17:15:35,33.194,-82.5271,52.48,27,0,8.16
222,Ilulissat,GL,2021-11-23 17:17:51,69.2167,-51.1,10.42,56,75,4.61
223,Bongandanga,CD,2021-11-23 17:17:52,1.5,21.05,77.63,74,100,1.41
224,Belaya Gora,RU,2021-11-23 17:18:52,68.5333,146.4167,-24.84,100,100,3.27
225,Kavaratti,IN,2021-11-23 17:18:53,10.5669,72.642,81.99,76,38,12.57
226,Yenagoa,NG,2021-11-23 17:18:53,4.9247,6.2642,80.01,82,98,4.68
227,Tanete,ID,2021-11-23 17:18:54,-3.9443,119.7848,76.28,93,99,1.1
228,Cam Ranh,VN,2021-11-23 17:18:54,11.9214,109.1591,76.96,83,75,14.97
229,Dukstas,LT,2021-11-23 17:18:54,55.5333,26.3333,31.62,96,99,5.66
230,Sao Felix Do Xingu,BR,2021-11-23 17:18:55,-6.6447,-51.995,91.27,48,61,1.32
231,Grand Gaube,MU,2021-11-23 17:18:55,-20.0064,57.6608,77.4,83,42,1.99
232,Codrington,AU,2021-11-23 17:18:55,-38.2667,141.9667,57.2,96,100,5.17
233,Ust-Nera,RU,2021-11-23 17:18:56,64.5667,143.2,-19.12,95,100,0.92
234,Port Alfred,ZA,2021-11-23 17:18:56,-33.5906,26.891,62.71,67,61,19.86
235,Jejuri,IN,2021-11-23 17:18:57,18.2833,74.1667,77.59,71,94,3.51
236,Narsaq,GL,2021-11-23 17:18:57,60.9167,-46.05,21.42,64,89,5.68
237,Viedma,AR,2021-11-23 17:18:57,-40.8135,-62.9967,82.83,21,49,23.0
238,Vila Velha,BR,2021-11-23 17:18:58,-20.3297,-40.2925,84.15,73,20,4.0
239,Dunedin,NZ,2021-11-23 17:18:58,-45.8742,170.5036,47.16,90,15,6.53
240,Plettenberg Bay,ZA,2021-11-23 17:18:59,-34.0527,23.3716,60.49,73,91,4.07
241,Bartica,GY,2021-11-23 17:18:59,6.4,-58.6167,80.92,73,68,4.27
242,Norman Wells,CA,2021-11-23 17:18:30,65.282,-126.8329,-20.16,69,75,3.44
243,Bonthe,SL,2021-11-23 17:19:00,7.5264,-12.505,83.68,71,50,9.19
244,Adzope,CI,2021-11-23 17:19:00,6.1069,-3.8619,83.16,69,68,5.1
245,Touros,BR,2021-11-23 17:16:33,-5.1989,-35.4608,86.9,62,56,15.28
246,Saint Anthony,US,2021-11-23 17:19:00,45.0205,-93.218,45.34,52,1,7.0
247,Acapulco,MX,2021-11-23 17:19:01,16.8634,-99.8901,82.22,78,40,4.61
248,Boguchany,RU,2021-11-23 17:19:01,58.3814,97.4531,19.98,94,100,4.68
249,Evans,US,2021-11-23 17:17:19,33.5337,-82.1307,52.81,33,1,3.0
250,Sukabumi,ID,2021-11-23 17:19:02,-6.9181,106.9267,75.61,97,100,3.29
251,Makarska,HR,2021-11-23 17:19:02,43.2969,17.0178,55.54,73,66,12.59
252,Svetlyy,RU,2021-11-23 17:19:03,54.675,20.1347,41.97,79,56,6.73
253,Toccoa,US,2021-11-23 17:19:03,34.5773,-83.3324,53.47,28,1,4.61
254,Koslan,RU,2021-11-23 17:19:04,63.4564,48.8989,17.22,94,100,8.19
255,Wamba,NG,2021-11-23 17:19:04,8.9333,8.6,84.29,30,40,1.7
256,Wuan,CN,2021-11-23 17:19:04,31.6836,112.0044,46.74,58,20,3.49
257,Port Blair,IN,2021-11-23 17:19:05,11.6667,92.75,81.32,82,100,9.57
258,Moyale,KE,2021-11-23 17:17:15,3.5167,39.0584,73.54,51,28,10.92
259,Progreso,MX,2021-11-23 17:19:05,21.2833,-89.6667,81.1,68,46,13.35
260,Atar,MR,2021-11-23 17:19:06,20.5169,-13.0499,93.15,19,83,8.14
261,Longyearbyen,SJ,2021-11-23 17:19:06,78.2186,15.6401,4.84,78,20,11.5
262,Alekseyevka,RU,2021-11-23 17:19:06,50.6309,38.6903,27.0,70,70,4.65
263,Antofagasta,CL,2021-11-23 17:17:25,-23.65,-70.4,65.48,62,54,7.76
264,Sakakah,SA,2021-11-23 17:19:07,29.9697,40.2064,63.97,44,0,7.58
265,Sinnamary,GF,2021-11-23 17:19:07,5.3833,-52.95,83.34,71,100,8.84
266,Lebu,CL,2021-11-23 17:19:08,-37.6167,-73.65,61.03,68,0,19.13
267,Syracuse,IT,2021-11-23 17:14:11,37.0881,15.2792,62.89,66,4,7.7
268,Menziken,CH,2021-11-23 17:19:08,47.25,8.1833,41.29,86,90,5.01
269,Pringsewu,ID,2021-11-23 17:19:09,-5.3582,104.9744,73.65,90,100,6.22
270,Port Hardy,CA,2021-11-23 17:19:09,50.6996,-127.4199,41.18,93,75,9.22
271,Nampula,MZ,2021-11-23 17:19:10,-15.1165,39.2666,82.83,55,53,12.21
272,Airai,TL,2021-11-23 17:20:10,-8.9266,125.4092,61.72,88,53,0.63
273,Norman,US,2021-11-23 17:16:12,35.2226,-97.4395,63.91,37,0,3.0
274,Araouane,ML,2021-11-23 17:20:11,18.9048,-3.5265,88.57,21,100,7.94
275,Fenoarivo Atsinanana,MG,2021-11-23 17:20:11,-17.3667,49.4167,75.85,74,59,6.15
276,Asau,RO,2021-11-23 17:20:11,46.4333,26.4,34.75,94,100,1.36
277,Mar Del Plata,AR,2021-11-23 17:20:12,-38.0023,-57.5575,62.62,75,0,18.01
278,Chokurdakh,RU,2021-11-23 17:16:06,70.6333,147.9167,-25.06,100,74,6.24
279,Ust-Ilimsk,RU,2021-11-23 17:20:12,58.0006,102.6619,9.19,98,46,4.25
280,Moba,CN,2021-11-23 17:20:13,33.2288,105.0179,32.95,74,99,2.48
281,Rafraf,TN,2021-11-23 17:20:13,37.1904,10.1837,61.11,71,11,10.96
282,San Quintin,MX,2021-11-23 17:20:13,30.4833,-115.95,68.45,59,94,7.36
283,Mogadishu,SO,2021-11-23 17:20:14,2.0371,45.3438,80.56,76,58,14.88
284,Nizwa,OM,2021-11-23 17:20:14,22.9333,57.5333,75.69,19,12,2.66
285,Liverpool,GB,2021-11-23 17:19:16,53.4106,-2.9779,48.69,87,90,5.01
286,Usinsk,RU,2021-11-23 17:20:15,65.9939,57.5281,8.44,95,95,14.0
287,Huoqiu,CN,2021-11-23 17:20:15,32.3394,116.2694,43.14,44,0,7.0
288,Manama,BH,2021-11-23 17:15:50,26.2154,50.5832,76.98,74,0,16.11
289,Tual,ID,2021-11-23 17:20:16,-5.6667,132.75,82.96,77,84,5.23
290,Dalby,AU,2021-11-23 17:20:16,-27.1833,151.2667,63.99,96,100,9.57
291,Rio Gallegos,AR,2021-11-23 17:20:17,-51.6226,-69.2181,60.85,33,40,40.29
292,Arraial Do Cabo,BR,2021-11-23 17:20:17,-22.9661,-42.0278,84.16,65,0,13.8
293,Namibe,AO,2021-11-23 17:20:17,-15.1961,12.1522,72.21,70,36,8.55
294,Quatre Cocos,MU,2021-11-23 17:20:18,-20.2078,57.7625,77.11,73,47,7.2
295,Yellowknife,CA,2021-11-23 17:20:18,62.456,-114.3525,-15.59,95,75,5.01
296,Brae,GB,2021-11-23 17:20:18,60.3964,-1.353,49.91,84,100,23.42
297,Petropavlovsk-Kamchatskiy,RU,2021-11-23 17:16:20,53.0452,158.6483,25.39,80,75,2.24
298,Ponta Do Sol,PT,2021-11-23 17:20:19,32.6667,-17.1,72.12,75,96,1.66
299,Korcula,HR,2021-11-23 17:20:19,42.9622,17.1369,48.76,64,99,17.45
300,Cabo San Lucas,MX,2021-11-23 17:20:20,22.8909,-109.9124,82.51,66,1,5.01
301,Patacamaya,BO,2021-11-23 17:20:20,-17.2333,-67.9167,63.39,33,100,11.54
302,Aitape,PG,2021-11-23 17:20:20,-3.1374,142.3475,78.58,87,100,2.93
303,Kirkuk,IQ,2021-11-23 17:20:21,35.4681,44.3922,61.47,40,0,5.06
304,Port Antonio,JM,2021-11-23 17:20:21,18.18,-76.4612,85.91,68,90,5.97
305,Rodrigues Alves,BR,2021-11-23 17:20:22,-7.738,-72.6509,89.8,64,99,3.94
306,Kahta,TR,2021-11-23 17:20:22,37.7855,38.6237,52.97,64,51,1.19
307,Casper,US,2021-11-23 17:17:57,42.8666,-106.3131,54.5,18,1,40.29
308,Bathsheba,BB,2021-11-23 17:20:22,13.2167,-59.5167,88.41,62,40,17.27
309,Lompoc,US,2021-11-23 17:20:23,34.6391,-120.4579,75.13,47,1,8.99
310,Mazatlan,MX,2021-11-23 17:20:23,23.2167,-106.4167,80.56,69,20,0.0
311,Wegorzewo,PL,2021-11-23 17:20:24,54.2157,21.7372,33.93,90,76,6.85
312,Srednekolymsk,RU,2021-11-23 17:20:24,67.45,153.6833,-30.19,100,65,4.81
313,Kaniama,CD,2021-11-23 17:20:24,-7.5667,24.1833,71.51,88,98,3.38
314,Wahiawa,US,2021-11-23 17:20:25,21.5028,-158.0236,72.46,89,90,3.44
315,Benghazi,LY,2021-11-23 17:20:25,32.1167,20.0667,70.95,58,5,11.32
316,Sur,OM,2021-11-23 17:20:26,22.5667,59.5289,75.54,44,75,0.25
317,Watsa,CD,2021-11-23 17:20:26,3.0372,29.5355,69.75,69,74,1.07
318,Takaungu,KE,2021-11-23 17:20:26,-3.6837,39.8566,82.89,83,96,9.8
319,Chiang Kham,TH,2021-11-23 17:20:27,19.5233,100.3,73.31,94,51,3.62
320,Flinders,AU,2021-11-23 17:20:27,-34.5833,150.8552,66.2,88,100,1.01
321,Sao Joao Da Barra,BR,2021-11-23 17:20:28,-21.6403,-41.0511,84.29,72,88,8.08
322,Khon Buri,TH,2021-11-23 17:21:28,14.5254,102.2459,67.98,90,99,4.38
323,Lazarev,RU,2021-11-23 17:21:28,52.225,141.5131,26.06,95,100,11.52
324,Sitka,US,2021-11-23 17:21:29,57.0531,-135.33,33.69,100,90,3.44
325,Gambiran,ID,2021-11-23 17:21:29,-6.7988,111.4951,75.47,94,100,6.64
326,Ukiah,US,2021-11-23 17:21:30,39.1502,-123.2078,54.37,78,1,0.0
327,Burnie,AU,2021-11-23 17:21:30,-41.0667,145.9167,58.95,83,100,7.43
328,Husavik,IS,2021-11-23 17:21:31,66.0449,-17.3389,31.91,78,100,8.81
329,Peski,RU,2021-11-23 17:21:31,55.2163,38.7626,24.76,91,19,4.85
330,Twentynine Palms,US,2021-11-23 17:21:31,34.1356,-116.0542,70.63,17,100,1.34
331,Vanimo,PG,2021-11-23 17:21:32,-2.6741,141.3028,78.58,87,99,4.23
332,Takoradi,GH,2021-11-23 17:21:32,4.8845,-1.7554,82.49,74,16,8.41
333,Athabasca,CA,2021-11-23 17:21:33,54.7169,-113.2854,12.02,84,93,12.82
334,Eureka,US,2021-11-23 17:18:24,40.8021,-124.1637,52.41,95,84,5.99
335,Palmer,US,2021-11-23 17:21:33,42.1584,-72.3287,40.6,36,20,4.0
336,La Ronge,CA,2021-11-23 17:17:56,55.1001,-105.2842,19.65,93,90,11.5
337,Sao Filipe,CV,2021-11-23 17:21:34,14.8961,-24.4956,81.12,65,57,5.57
338,Teguldet,RU,2021-11-23 17:21:34,57.3064,88.1667,31.39,90,100,14.63
339,Broome,US,2021-11-23 17:21:35,42.2506,-75.833,35.46,66,90,7.0
340,Santa Isabel,BR,2021-11-23 17:21:35,-23.3156,-46.2214,96.37,23,63,4.94
341,Saint-Joseph,RE,2021-11-23 17:21:35,-21.3667,55.6167,75.58,78,56,5.37
342,Zavallya,UA,2021-11-23 17:21:36,48.2135,30.0156,36.05,57,24,4.92
343,Kalamazoo,US,2021-11-23 17:20:03,42.2506,-85.55,38.53,52,1,4.61
344,Sambava,MG,2021-11-23 17:21:36,-14.2667,50.1667,77.74,70,71,3.74
345,Tilichiki,RU,2021-11-23 17:21:37,60.4667,166.1,0.52,88,76,9.78
346,Omsukchan,RU,2021-11-23 17:21:37,62.5333,155.8,-13.23,89,43,1.57
347,Beruwala,LK,2021-11-23 17:21:38,6.4788,79.9828,78.58,89,100,7.34
348,Faanui,PF,2021-11-23 17:21:38,-16.4833,-151.75,80.06,72,100,3.71
349,Lata,PT,2021-11-23 17:17:38,40.1629,-8.3327,54.81,76,98,5.17
350,Rio Grande,BR,2021-11-23 17:21:38,-32.035,-52.0986,77.11,52,1,14.43
351,Meulaboh,ID,2021-11-23 17:21:39,4.1363,96.1285,76.12,87,100,7.07
352,Sonqor,IR,2021-11-23 17:21:39,34.7837,47.6004,45.41,60,1,3.24
353,Udachnyy,RU,2021-11-23 17:21:40,66.4167,112.4,-27.89,99,42,7.29
354,Yumen,CN,2021-11-23 17:21:40,40.2833,97.2,27.01,34,1,13.29
355,Neustadt,DE,2021-11-23 17:21:40,49.7117,12.0872,39.29,84,75,0.0
356,Hopewell,US,2021-11-23 17:21:41,37.3043,-77.2872,46.65,40,0,11.43
357,Samarai,PG,2021-11-23 17:17:39,-10.6167,150.6667,83.01,78,22,10.98
358,Biltine,TD,2021-11-23 17:21:42,14.5333,20.9167,82.36,14,0,10.76
359,Saint George,US,2021-11-23 17:21:01,37.1041,-113.5841,63.36,39,1,0.0
360,Peniche,PT,2021-11-23 17:17:43,39.3558,-9.3811,57.15,66,14,10.33
361,Svecha,RU,2021-11-23 17:21:43,58.2785,47.5164,15.33,88,66,10.94
362,Odweyne,SO,2021-11-23 17:21:44,9.4092,45.064,67.39,52,44,8.93
363,Saldanha,ZA,2021-11-23 17:21:44,-33.0117,17.9442,68.05,74,64,28.99
364,Bandarbeyla,SO,2021-11-23 17:21:44,9.4942,50.8122,80.28,72,100,17.31
365,Iqaluit,CA,2021-11-23 17:21:45,63.7506,-68.5145,31.73,93,75,23.0
366,Maningrida,AU,2021-11-23 17:21:45,-12.0667,134.2667,82.45,72,100,3.78
367,Sarkand,KZ,2021-11-23 17:21:45,45.41,79.9186,35.89,63,66,8.19
368,Barentu,ER,2021-11-23 17:21:46,15.1139,37.5928,77.22,48,97,11.97
369,Saint-Pierre,RE,2021-11-23 17:22:46,-21.3393,55.4781,76.68,72,0,3.44
370,Coihaique,CL,2021-11-23 17:22:47,-45.5752,-72.0662,67.95,40,40,8.05
371,Griffith,US,2021-11-23 17:22:47,41.5284,-87.4237,41.09,41,1,1.99
372,Rundu,NA,2021-11-23 17:22:48,-17.9333,19.7667,84.13,9,45,5.88
373,Vardo,NO,2021-11-23 17:19:00,70.3705,31.1107,23.2,80,40,0.0
374,Sorrento,IT,2021-11-23 17:22:48,40.626,14.3744,60.26,100,24,10.94
375,Kailua,US,2021-11-23 17:22:48,21.4022,-157.7394,75.74,79,75,4.61
376,Conde,BR,2021-11-23 17:21:54,-7.2597,-34.9075,89.06,51,40,13.8
377,Winnemucca,US,2021-11-23 17:22:49,40.973,-117.7357,42.85,39,90,9.22
378,Gorey,IE,2021-11-23 17:22:49,52.6747,-6.2925,42.49,88,21,3.67
379,El Real De Santa Maria,PA,2021-11-23 17:22:50,8.109,-77.7325,75.29,98,100,2.17
380,Beloha,MG,2021-11-23 17:22:50,-25.1667,45.05,75.9,63,91,5.99
381,Ailigandi,PA,2021-11-23 17:22:51,9.2333,-78.0167,78.13,86,100,4.41
382,Monmouth,US,2021-11-23 17:22:51,40.3001,-74.1663,44.42,49,1,16.11
383,Nortelandia,BR,2021-11-23 17:22:51,-14.4547,-56.8028,91.56,55,83,3.67
384,Saiha,IN,2021-11-23 17:22:52,22.4833,92.9667,61.12,69,2,3.85
385,Mpanda,TZ,2021-11-23 17:22:52,-6.3655,31.0409,72.66,71,91,4.07
386,Amapa,BR,2021-11-23 17:22:53,1.0,-52.0,93.92,35,41,4.7
387,Baiyin,CN,2021-11-23 17:22:53,36.5583,104.2081,20.28,40,0,1.01
388,Malartic,CA,2021-11-23 17:22:54,48.1335,-78.1328,19.51,89,99,7.83
389,Santa Fe,AR,2021-11-23 17:22:54,-31.6333,-60.7,88.02,16,100,5.01
390,Zabol,AF,2021-11-23 17:22:54,32.25,67.25,45.84,30,2,11.3
391,Caravelas,BR,2021-11-23 17:22:55,-17.7125,-39.2481,78.15,70,85,6.38
392,Lubango,AO,2021-11-23 17:22:55,-14.9172,13.4925,69.51,51,75,8.63
393,Namatanai,PG,2021-11-23 17:22:55,-3.6667,152.4333,79.27,84,56,8.05
394,Shenjiamen,CN,2021-11-23 17:22:56,29.9576,122.298,47.32,48,1,8.99
395,Vetlanda,SE,2021-11-23 17:18:28,57.4289,15.0776,40.62,93,28,6.13
396,Sorland,NO,2021-11-23 17:22:56,67.667,12.6934,39.06,83,100,18.75
397,Quesnel,CA,2021-11-23 17:22:57,52.9999,-122.5029,25.3,93,90,0.0
398,Mao,ES,2021-11-23 17:22:57,39.8885,4.2658,59.56,88,40,9.22
399,Zhigansk,RU,2021-11-23 17:22:58,66.7697,123.3711,-36.6,100,97,3.78
400,Terney,RU,2021-11-23 17:22:58,45.0503,136.6092,19.22,69,99,9.66
401,Vuktyl,RU,2021-11-23 17:22:59,63.8567,57.3094,11.46,94,100,8.34
402,Polunochnoye,RU,2021-11-23 17:22:59,60.8697,60.4153,5.67,84,94,6.76
403,Katsuura,JP,2021-11-23 17:23:00,35.1333,140.3,54.19,62,2,29.86
404,Korla,CN,2021-11-23 17:23:00,41.7597,86.1469,29.21,56,7,1.32
405,Padang,ID,2021-11-23 17:23:00,-0.9492,100.3543,77.95,80,100,4.45
406,Qaqortoq,GL,2021-11-23 17:23:01,60.7167,-46.0333,21.7,65,90,5.7
407,Dingle,PH,2021-11-23 17:23:01,10.9995,122.6711,76.12,91,100,8.03
408,Areka,ET,2021-11-23 17:23:02,7.0667,37.7,64.22,33,77,7.4
409,Port Lincoln,AU,2021-11-23 17:23:02,-34.7333,135.8667,61.47,90,45,3.02
410,Brazzaville,CG,2021-11-23 17:23:03,-4.2658,15.2832,76.86,89,92,1.32
411,Aurillac,FR,2021-11-23 17:23:03,44.9167,2.45,48.45,74,0,5.75
412,Camalu,MX,2021-11-23 17:23:03,30.85,-116.0667,67.66,57,80,3.53
413,Porbandar,IN,2021-11-23 17:23:04,21.6422,69.6093,80.67,43,73,8.28
414,Chapais,CA,2021-11-23 17:24:04,49.7834,-74.8492,19.18,86,100,9.64
415,Faya,SA,2021-11-23 17:24:04,18.3851,42.4509,60.91,44,24,4.99
416,Guayaramerin,BO,2021-11-23 17:20:22,-10.8368,-65.3614,89.65,55,40,6.91
417,Kruisfontein,ZA,2021-11-23 17:24:05,-34.0033,24.7314,60.89,71,83,8.57
418,Carutapera,BR,2021-11-23 17:21:26,-1.195,-46.02,88.05,59,73,10.49
419,Necochea,AR,2021-11-23 17:24:06,-38.5473,-58.7368,79.03,27,10,4.61
420,Vieques,PR,2021-11-23 17:24:06,18.425,-65.8329,89.62,51,20,9.22
421,Sarakhs,IR,2021-11-23 17:24:06,36.5449,61.1577,56.73,33,7,6.98
422,Vallenar,CL,2021-11-23 17:24:07,-28.5708,-70.7581,82.71,23,64,10.42
423,Kamenka,RU,2021-11-23 17:24:07,51.3223,42.7678,25.75,73,82,5.64
424,Wichian Buri,TH,2021-11-23 17:24:08,15.6578,101.106,74.46,66,54,12.88
425,Helong,CN,2021-11-23 17:24:08,42.5397,128.9972,13.41,70,90,16.49
426,Vestmanna,FO,2021-11-23 17:24:09,62.1564,-7.1664,45.52,93,90,19.57
427,Adelanto,US,2021-11-23 17:24:09,34.5828,-117.4092,68.58,20,97,8.23
428,Axim,GH,2021-11-23 17:24:09,4.8699,-2.2405,82.56,74,31,6.29
429,Amahai,ID,2021-11-23 17:24:10,-3.3333,128.9167,79.54,81,59,3.27
430,Basco,PH,2021-11-23 17:24:10,20.4487,121.9702,77.34,75,100,28.5
431,Alenquer,BR,2021-11-23 17:24:11,-1.9417,-54.7383,84.54,48,61,3.38
432,Ovruch,UA,2021-11-23 17:24:11,51.3246,28.8035,32.11,99,100,2.86
433,Nyurba,RU,2021-11-23 17:24:11,63.2842,118.3319,-25.55,99,7,3.36
434,Leh,IN,2021-11-23 17:24:12,34.1667,77.5833,18.7,49,60,3.18
435,Matara,LK,2021-11-23 17:24:12,5.9485,80.5353,77.34,89,100,4.27
436,Vila Franca Do Campo,PT,2021-11-23 17:24:13,37.7167,-25.4333,66.2,88,100,15.43
437,Mildura,AU,2021-11-23 17:21:23,-34.2,142.15,68.07,83,90,8.05
438,Skibbereen,IE,2021-11-23 17:24:13,51.55,-9.2667,39.0,68,12,3.38
439,Keti Bandar,PK,2021-11-23 17:24:14,24.1447,67.4497,75.83,65,67,8.41
440,Wattegama,LK,2021-11-23 17:24:14,6.7989,81.4808,73.96,93,100,4.92
441,Lagoa,PT,2021-11-23 17:24:14,39.05,-27.9833,65.89,87,38,17.85
442,Oriximina,BR,2021-11-23 17:24:15,-1.7656,-55.8661,91.54,47,31,5.61
443,Altay,CN,2021-11-23 17:24:15,47.8667,88.1167,28.22,94,100,5.93
444,Maniitsoq,GL,2021-11-23 17:24:15,65.4167,-52.9,25.7,53,100,20.45
445,Aswan,EG,2021-11-23 17:24:16,24.0934,32.907,72.7,35,0,6.91
446,Murdochville,CA,2021-11-23 17:24:16,48.9583,-65.5006,23.88,78,100,5.88
447,Riyadh,SA,2021-11-23 17:20:41,24.6877,46.7219,69.94,49,17,16.11
448,Namie,JP,2021-11-23 17:24:17,37.4833,141.0,43.77,74,4,15.28
449,Shetpe,KZ,2021-11-23 17:23:15,44.1667,52.1167,47.73,55,65,7.76
450,Karratha,AU,2021-11-23 17:20:19,-20.7377,116.8463,80.92,52,99,11.45
451,Davidson,US,2021-11-23 17:24:18,36.1501,-86.7833,45.52,47,75,1.99
452,Makakilo City,US,2021-11-23 17:24:18,21.3469,-158.0858,74.28,79,75,4.61
453,Kununurra,AU,2021-11-23 17:23:17,-15.7667,128.7333,80.58,89,40,1.14
454,Gualeguaychu,AR,2021-11-23 17:24:19,-33.0094,-58.5172,89.49,10,54,9.04
455,Kihei,US,2021-11-23 17:20:54,20.785,-156.4656,77.85,81,20,5.75
456,Portland,US,2021-11-23 17:24:00,45.5234,-122.6762,47.62,94,75,1.01
457,Victor Harbor,AU,2021-11-23 17:24:19,-35.5667,138.6167,68.9,94,97,7.38
458,Kenai,US,2021-11-23 17:24:20,60.5544,-151.2583,10.15,90,90,3.44
459,Batemans Bay,AU,2021-11-23 17:24:20,-35.7167,150.1833,66.2,91,100,2.91
460,Bac Lieu,VN,2021-11-23 17:25:21,9.285,105.7244,78.39,86,76,14.7
461,Cordoba,AR,2021-11-23 17:23:54,-31.4135,-64.1811,84.76,35,20,3.0
462,Salta,AR,2021-11-23 17:25:21,-24.7859,-65.4117,75.49,67,75,8.01
463,Trincomalee,LK,2021-11-23 17:25:22,8.5711,81.2335,81.07,84,100,9.75
464,Oborniki,PL,2021-11-23 17:25:22,52.6474,16.8141,42.66,87,99,9.84
465,Jinji,CN,2021-11-23 17:25:22,23.2281,110.8261,51.08,64,26,2.75
466,Manado,ID,2021-11-23 17:25:23,1.487,124.8455,75.97,100,20,1.14
467,Batagay-Alyta,RU,2021-11-23 17:25:23,67.8006,130.4114,-27.76,96,95,3.2
468,Ust-Abakan,RU,2021-11-23 17:25:24,53.8525,91.3742,30.11,69,0,8.95
469,Raton,US,2021-11-23 17:25:24,36.9034,-104.4391,68.34,19,1,0.0
470,Calabozo,VE,2021-11-23 17:25:24,8.9242,-67.4293,92.37,42,100,6.91
471,Laguna,US,2021-11-23 17:25:25,38.421,-121.4238,63.09,89,90,6.91
472,Rawlins,US,2021-11-23 17:25:25,41.7911,-107.2387,50.43,16,1,25.32
473,Itacare,BR,2021-11-23 17:25:26,-14.2775,-38.9967,82.29,78,99,6.58
474,Senanga,ZM,2021-11-23 17:25:26,-16.1167,23.2667,81.77,38,84,1.05
475,Berdigestyakh,RU,2021-11-23 17:25:27,62.0989,126.6992,-8.16,94,100,1.41
476,Nizhniy Lomov,RU,2021-11-23 17:25:27,53.5304,43.6766,12.15,97,43,4.83
477,Cairns,AU,2021-11-23 17:24:34,-16.9167,145.7667,78.06,95,40,0.0
478,Alice,US,2021-11-23 17:25:27,27.7523,-98.0697,73.49,52,1,0.0
479,Kirakira,SB,2021-11-23 17:22:59,-10.4544,161.9205,79.57,82,99,8.46
480,Jiuquan,CN,2021-11-23 17:21:49,39.7432,98.5174,25.84,36,3,2.01
481,Spokane,US,2021-11-23 17:25:28,47.6166,-117.3677,35.83,96,90,3.44
482,Sechura,PE,2021-11-23 17:25:28,-5.5569,-80.8222,76.12,60,80,11.83
483,Buala,SB,2021-11-23 17:25:29,-8.145,159.5921,79.97,83,54,8.14
484,Todos Santos,MX,2021-11-23 17:25:29,23.45,-110.2167,82.0,72,55,4.9
485,Sioux Lookout,CA,2021-11-23 17:25:30,50.1001,-91.917,28.47,64,75,14.97
486,Farmington,US,2021-11-23 17:21:26,36.7281,-108.2187,50.74,41,20,8.05
487,Newport,GB,2021-11-23 17:25:30,51.5877,-2.9984,48.45,85,51,3.06
488,Uberaba,BR,2021-11-23 17:25:25,-19.7483,-47.9319,90.18,31,40,5.75
489,College,US,2021-11-23 17:25:31,64.8569,-147.8028,1.35,57,75,6.91
490,Kyzyl,RU,2021-11-23 17:25:31,51.7,94.45,10.35,90,100,0.72
491,Vetluzhskiy,RU,2021-11-23 17:25:32,58.3902,45.4654,15.96,91,40,7.58
492,Te Anau,NZ,2021-11-23 17:25:32,-45.4167,167.7167,42.42,97,32,1.03
493,High Level,CA,2021-11-23 17:25:33,58.5169,-117.136,1.51,78,90,13.8
494,Lavrentiya,RU,2021-11-23 17:25:33,65.5833,-171.0,-0.92,91,13,9.46
495,Prince Rupert,CA,2021-11-23 17:22:48,54.3161,-130.3201,40.69,85,90,16.11
496,San Patricio,US,2021-11-23 17:25:34,28.017,-97.5169,74.01,46,63,6.96
497,Charyshskoye,RU,2021-11-23 17:25:34,51.3978,83.5598,34.41,89,100,15.64
498,Wembley,AU,2021-11-23 17:25:34,-31.9333,115.8,60.69,87,0,4.61
499,Ca Mau,VN,2021-11-23 17:25:35,9.1769,105.15,75.51,94,85,5.61
500,Kyzyl-Suu,KG,2021-11-23 17:25:35,42.3414,78.0056,31.62,41,1,8.05
501,Punta Alta,AR,2021-11-23 17:25:36,-38.8759,-62.0736,82.65,25,3,16.44
502,Elliot,ZA,2021-11-23 17:25:36,-31.3333,27.85,47.46,96,100,3.56
503,Tulsipur,NP,2021-11-23 17:25:36,28.131,82.2973,54.07,85,0,4.07
504,Asfi,MA,2021-11-23 17:25:37,32.2994,-9.2372,63.57,84,32,8.12
505,Bristol,US,2021-11-23 17:25:37,41.8334,-71.1662,40.62,49,1,3.0
506,Bacolod,PH,2021-11-23 17:25:38,10.6667,122.95,78.12,82,100,9.71
507,Imbituba,BR,2021-11-23 17:25:38,-28.24,-48.6703,82.29,69,33,17.54
508,Pavino,RU,2021-11-23 17:26:38,59.1139,46.1414,13.71,91,65,7.34
509,Harper,LR,2021-11-23 17:25:17,4.375,-7.7169,82.31,77,46,8.32
510,Mananara,MG,2021-11-23 17:26:39,-16.1667,49.7667,73.74,80,57,3.4
511,Akhtanizovskaya,RU,2021-11-23 17:26:40,45.32,37.1,43.27,87,100,15.19
512,Ahipara,NZ,2021-11-23 17:25:19,-35.1667,173.1667,59.2,85,88,5.39
513,Adre,TD,2021-11-23 17:26:40,13.4667,22.2,76.15,17,10,10.27
514,Olinda,BR,2021-11-23 17:26:41,-8.0089,-34.8553,85.73,62,40,6.91
515,Hervey Bay,AU,2021-11-23 17:26:41,-25.2986,152.8535,73.04,92,76,3.0
516,Shirokiy,RU,2021-11-23 17:26:42,49.758,129.523,23.61,81,100,21.63
517,Winslow,US,2021-11-23 17:26:42,35.0242,-110.6974,44.78,33,20,9.22
518,Chernolesskoye,RU,2021-11-23 17:26:43,44.7156,43.7133,48.69,61,99,3.87
519,Roald,NO,2021-11-23 17:22:40,62.5833,6.1333,48.34,87,75,19.57
520,Nouakchott,MR,2021-11-23 17:26:44,18.0858,-15.9785,100.33,33,13,5.99
521,Arkhipo-Osipovka,RU,2021-11-23 17:26:44,44.37,38.52,52.29,91,100,4.99
522,Gizo,SB,2021-11-23 17:25:10,-8.103,156.8419,82.74,76,56,8.3
523,Havre-Saint-Pierre,CA,2021-11-23 17:26:45,50.2334,-63.5986,33.8,100,90,8.05
524,Sobolevo,RU,2021-11-23 17:26:45,54.4299,31.8996,22.89,63,54,6.46
525,Wellington,NZ,2021-11-23 17:26:45,-41.2866,174.7756,53.26,87,10,5.75
526,Altamira,BR,2021-11-23 17:26:46,-3.2033,-52.2064,91.49,58,75,2.3
527,Saint-Augustin,CA,2021-11-23 17:26:46,51.226,-58.6502,41.74,93,100,24.16
528,Ocampo,MX,2021-11-23 17:26:47,21.65,-101.5,59.81,58,6,6.91
529,Dodola,ET,2021-11-23 17:26:47,6.9833,39.1833,53.42,59,66,3.2
530,Umea,SE,2021-11-23 17:26:47,63.8284,20.2597,35.91,93,90,10.36
531,Erenhot,CN,2021-11-23 17:26:48,43.6475,111.9767,23.14,55,50,12.21
532,Olafsvik,IS,2021-11-23 17:26:48,64.8945,-23.7142,34.93,88,100,21.92
533,Naranjal,EC,2021-11-23 17:25:36,-2.6667,-79.6167,83.53,74,100,4.07
534,Sao Jose Da Coroa Grande,BR,2021-11-23 17:26:49,-8.8978,-35.1478,85.75,58,65,11.7
535,Cangucu,BR,2021-11-23 17:26:49,-31.395,-52.6756,72.61,34,69,7.94
536,Toora-Khem,RU,2021-11-23 17:26:50,52.4675,96.11,3.33,99,91,1.34
537,Neyshabur,IR,2021-11-23 17:26:50,36.2133,58.7958,53.01,53,7,1.14
538,Kencong,ID,2021-11-23 17:26:50,-8.2833,113.3667,76.21,91,100,1.63
539,Katherine,AU,2021-11-23 17:26:51,-14.4667,132.2667,84.52,58,75,0.0
540,Corinto,GR,2021-11-23 17:22:43,37.9407,22.9573,64.69,86,100,2.08
541,Atwater,US,2021-11-23 17:26:14,37.3477,-120.6091,69.08,100,1,0.0
542,Linqiong,CN,2021-11-23 17:26:51,30.4159,103.4609,46.22,73,100,2.35
543,Williston,US,2021-11-23 17:23:01,48.147,-103.618,45.34,35,30,2.82
544,Hokitika,NZ,2021-11-23 17:26:52,-42.7167,170.9667,53.31,90,25,4.0
545,Barcelona,ES,2021-11-23 17:25:00,41.3888,2.159,58.51,85,75,8.01
546,Lucea,JM,2021-11-23 17:26:53,18.451,-78.1736,84.06,59,83,6.04
547,San Policarpo,PH,2021-11-23 17:26:53,12.1791,125.5072,80.29,84,99,12.08
548,Taoudenni,ML,2021-11-23 17:22:38,22.6783,-3.9836,89.56,22,81,5.68
549,Guilin,CN,2021-11-23 17:26:53,25.2819,110.2864,50.11,60,99,3.62
550,Zaraza,VE,2021-11-23 17:26:54,9.3503,-65.3245,89.01,49,99,2.53
551,Praia,CV,2021-11-23 17:26:54,14.9215,-23.5087,86.54,54,0,17.27
552,Pabrade,LT,2021-11-23 17:26:55,55.0,25.7833,34.23,96,97,3.83
553,Isangel,VU,2021-11-23 17:22:02,-19.55,169.2667,77.09,87,100,7.0
554,Kusa,RU,2021-11-23 17:26:55,55.3383,59.4406,14.59,89,100,13.67
555,Ust-Ishim,RU,2021-11-23 17:27:56,57.6935,71.1665,22.64,90,100,11.3
556,Oranjemund,NA,2021-11-23 17:27:56,-28.55,16.4333,63.39,80,49,22.17
557,Great Falls,US,2021-11-23 17:27:35,47.5002,-111.3008,44.69,25,1,8.01
558,Pasni,PK,2021-11-23 17:27:57,25.2631,63.471,78.8,45,4,8.99
559,Manokwari,ID,2021-11-23 17:27:57,-0.8667,134.0833,79.86,79,96,3.87
560,Mitsamiouli,KM,2021-11-23 17:27:58,-11.3847,43.2844,82.69,65,20,12.66
561,Mount Isa,AU,2021-11-23 17:27:58,-20.7333,139.5,80.37,29,90,4.61
562,Iracoubo,GF,2021-11-23 17:27:58,5.4802,-53.2011,83.8,71,96,9.69
563,Hay River,CA,2021-11-23 17:27:59,60.8156,-115.7999,-4.02,54,75,9.22
564,Ulcinj,ME,2021-11-23 17:27:59,41.9294,19.2244,55.62,72,100,14.97
565,Didao,CN,2021-11-23 17:28:00,45.3667,130.8,14.23,74,100,22.24
566,Los Alamos,US,2021-11-23 17:28:00,35.8881,-106.307,54.14,29,1,1.01
567,Saint-Tite,CA,2021-11-23 17:28:00,46.7334,-72.5658,26.38,54,32,11.16
568,Jatiroto,ID,2021-11-23 17:28:01,-7.8833,111.1167,75.2,90,100,1.95
569,Novoagansk,RU,2021-11-23 17:28:01,61.9449,76.6625,14.45,92,100,9.19
570,Pimentel,PE,2021-11-23 17:28:02,-6.8367,-79.9342,73.69,60,0,16.11
571,Ulladulla,AU,2021-11-23 17:28:02,-35.35,150.4667,64.76,93,100,3.6
