City_ID,City,Country,Date,Lat,Lng,Max Temp,Humidity,Cloudiness,Wind Speed,Current Description
0,Katsuura,JP,2021-11-27 16:54:15,35.1333,140.3,46.51,55,27,9.6,scattered clouds
1,Priiskovyy,RU,2021-11-27 16:54:16,51.9333,116.6333,9.91,96,100,0.78,overcast clouds
2,Filingue,NE,2021-11-27 16:54:16,14.3521,3.3168,90.95,10,82,7.85,broken clouds
3,Busselton,AU,2021-11-27 16:54:16,-33.65,115.3333,64.87,67,0,6.38,clear sky
4,Bambous Virieux,MU,2021-11-27 16:54:17,-20.3428,57.7575,79.05,73,20,3.44,few clouds
5,Mataura,NZ,2021-11-27 16:54:17,-46.1927,168.8643,36.86,99,49,2.3,scattered clouds
6,Suez,EG,2021-11-27 16:54:18,29.9737,32.5263,71.94,33,7,7.96,clear sky
7,Nikolskoye,RU,2021-11-27 16:54:18,59.7035,30.7861,24.69,74,100,12.48,overcast clouds
8,Mandalgovi,MN,2021-11-27 16:54:19,45.7625,106.2708,15.62,80,50,18.34,scattered clouds
9,Hermanus,ZA,2021-11-27 16:54:19,-34.4187,19.2345,67.32,65,98,18.77,overcast clouds
10,Tongzi,CN,2021-11-27 16:54:20,28.7829,105.0877,51.91,88,100,1.48,overcast clouds
11,Tiksi,RU,2021-11-27 16:54:20,71.6872,128.8694,-8.77,99,92,6.8,overcast clouds
12,Deyang,CN,2021-11-27 16:54:20,31.1302,104.382,51.3,86,96,1.88,overcast clouds
13,Castro,BR,2021-11-27 16:49:32,-24.7911,-50.0119,79.38,47,4,7.05,clear sky
14,Iqaluit,CA,2021-11-27 16:54:21,63.7506,-68.5145,24.53,68,90,2.3,light snow
15,Oussouye,SN,2021-11-27 16:52:42,12.485,-16.5469,96.98,25,84,7.94,broken clouds
16,New Norfolk,AU,2021-11-27 16:54:21,-42.7826,147.0587,45.9,97,0,2.68,clear sky
17,Promyshlennaya,RU,2021-11-27 16:54:22,54.9159,85.6385,18.55,85,100,20.29,light snow
18,Khatanga,RU,2021-11-27 16:54:22,71.9667,102.5,-2.67,92,100,16.22,overcast clouds
19,Batagay-Alyta,RU,2021-11-27 16:54:23,67.8006,130.4114,-1.21,99,100,0.25,light snow
20,Carnarvon,AU,2021-11-27 16:49:32,-24.8667,113.6333,78.87,47,0,17.27,clear sky
21,Rafai,CF,2021-11-27 16:54:23,4.95,23.9167,78.33,42,38,2.98,scattered clouds
22,Nabire,ID,2021-11-27 16:54:23,-3.3667,135.4833,74.98,96,100,3.98,overcast clouds
23,Merritt Island,US,2021-11-27 16:54:24,28.5392,-80.672,66.22,61,1,11.5,clear sky
24,Chuy,UY,2021-11-27 16:51:09,-33.6971,-53.4616,72.48,71,99,11.16,overcast clouds
25,Jamestown,US,2021-11-27 16:54:24,42.097,-79.2353,31.59,69,90,11.5,overcast clouds
26,Chapais,CA,2021-11-27 16:54:25,49.7834,-74.8492,19.18,87,100,14.7,overcast clouds
27,Albany,US,2021-11-27 16:54:25,42.6001,-73.9662,27.21,55,19,15.41,few clouds
28,Caravelas,BR,2021-11-27 16:54:25,-17.7125,-39.2481,75.88,78,92,6.64,moderate rain
29,Saskylakh,RU,2021-11-27 16:54:26,71.9167,114.0833,-4.0,92,100,10.36,overcast clouds
30,Santa Lucia,ES,2021-11-27 16:52:33,27.9117,-15.5407,58.32,72,75,17.27,broken clouds
31,Turbat,PK,2021-11-27 16:54:26,26.0023,63.044,74.93,21,3,11.59,clear sky
32,Atuona,PF,2021-11-27 16:54:27,-9.8,-139.0333,78.01,78,17,19.93,few clouds
33,Punta Arenas,CL,2021-11-27 16:50:15,-53.15,-70.9167,53.71,40,75,19.57,broken clouds
34,Greymouth,NZ,2021-11-27 16:54:27,-42.4667,171.2,53.56,98,100,10.25,moderate rain
35,Thunder Bay,CA,2021-11-27 16:54:28,48.4001,-89.3168,31.98,59,75,4.61,broken clouds
36,Volosovo,RU,2021-11-27 16:54:28,59.4333,29.4833,23.56,77,100,14.34,overcast clouds
37,Upernavik,GL,2021-11-27 16:54:29,72.7868,-56.1549,11.08,93,96,3.49,overcast clouds
38,Yanji,CN,2021-11-27 16:54:29,42.9075,129.5078,20.5,82,15,1.45,few clouds
39,Qeshm,IR,2021-11-27 16:54:29,26.9581,56.2719,76.89,71,0,5.86,clear sky
40,Umm Kaddadah,SD,2021-11-27 16:54:30,13.6017,26.6876,80.47,15,2,11.43,clear sky
41,Nanortalik,GL,2021-11-27 16:49:47,60.1432,-45.2371,44.19,92,99,13.76,light rain
42,Luderitz,NA,2021-11-27 16:54:31,-26.6481,15.1594,64.98,74,0,7.23,clear sky
43,Kruisfontein,ZA,2021-11-27 16:54:31,-34.0033,24.7314,62.29,76,39,4.92,scattered clouds
44,Arraial Do Cabo,BR,2021-11-27 16:54:31,-22.9661,-42.0278,91.36,51,20,17.27,few clouds
45,Tura,IN,2021-11-27 16:54:32,25.5198,90.2201,59.97,80,0,3.89,clear sky
46,Ahipara,NZ,2021-11-27 16:54:32,-35.1667,173.1667,56.55,92,58,3.44,broken clouds
47,Ostrovnoy,RU,2021-11-27 16:54:33,68.0531,39.5131,12.92,87,99,8.12,overcast clouds
48,Hilo,US,2021-11-27 16:54:33,19.7297,-155.09,71.71,74,18,1.66,few clouds
49,Longyearbyen,SJ,2021-11-27 16:54:34,78.2186,15.6401,13.84,62,20,18.41,few clouds
50,Butaritari,KI,2021-11-27 16:54:34,3.0707,172.7902,81.21,78,99,20.2,light rain
51,Bredasdorp,ZA,2021-11-27 16:54:34,-34.5322,20.0403,71.13,52,69,6.85,broken clouds
52,Puerto Ayora,EC,2021-11-27 16:54:35,-0.7393,-90.3518,75.16,73,80,11.41,broken clouds
53,Lander,US,2021-11-27 16:54:35,42.833,-108.7307,41.83,44,99,1.83,overcast clouds
54,Bluff,NZ,2021-11-27 16:54:36,-46.6,168.3333,44.49,82,54,5.7,broken clouds
55,Souillac,MU,2021-11-27 16:54:36,-20.5167,57.5167,79.18,73,20,3.44,few clouds
56,Sola,VU,2021-11-27 16:52:23,-13.8833,167.55,79.52,78,31,2.28,scattered clouds
57,Hasaki,JP,2021-11-27 16:54:37,35.7333,140.8333,41.4,50,0,14.12,clear sky
58,San Carlos Del Zulia,VE,2021-11-27 16:54:37,9.0,-71.9135,85.77,67,98,4.27,overcast clouds
59,Vaini,TO,2021-11-27 16:54:38,-21.2,-175.2,78.96,94,75,8.05,broken clouds
60,Ushuaia,AR,2021-11-27 16:54:38,-54.8,-68.3,51.46,40,40,5.75,scattered clouds
61,Avera,US,2021-11-27 16:54:39,33.194,-82.5271,54.91,29,2,2.68,clear sky
62,Kudahuvadhoo,MV,2021-11-27 16:54:39,2.6708,72.8944,82.04,71,100,17.56,overcast clouds
63,Victoria,HK,2021-11-27 16:50:51,22.2855,114.1577,69.78,69,8,14.25,clear sky
64,Zhangye,CN,2021-11-27 16:54:40,38.9342,100.4517,28.36,37,41,6.31,scattered clouds
65,Northam,GB,2021-11-27 16:54:40,51.0333,-4.2167,40.62,55,61,29.28,broken clouds
66,Port Alfred,ZA,2021-11-27 16:54:41,-33.5906,26.891,67.87,92,61,26.89,light rain
67,Thompson,CA,2021-11-27 16:50:16,55.7435,-97.8558,23.16,93,90,5.75,light snow
68,Yar-Sale,RU,2021-11-27 16:54:41,66.8333,70.8333,5.68,97,100,4.18,overcast clouds
69,Puerto Escondido,MX,2021-11-27 16:54:42,15.85,-97.0667,85.1,42,7,4.25,clear sky
70,San Patricio,US,2021-11-27 16:54:42,28.017,-97.5169,55.26,54,100,6.29,overcast clouds
71,Aktau,KZ,2021-11-27 16:54:42,43.65,51.2,41.58,42,54,14.7,broken clouds
72,Yellowknife,CA,2021-11-27 16:54:43,62.456,-114.3525,-8.88,84,20,9.22,few clouds
73,Rikitea,PF,2021-11-27 16:54:43,-23.1203,-134.9692,76.17,75,3,15.17,clear sky
74,Platikambos,GR,2021-11-27 16:54:44,39.6167,22.5333,60.15,83,100,5.44,light rain
75,Hobart,AU,2021-11-27 16:52:14,-42.8794,147.3294,46.26,87,0,6.91,clear sky
76,Georgetown,MY,2021-11-27 16:54:44,5.4112,100.3354,80.55,83,40,3.44,thunderstorm
77,Southbridge,US,2021-11-27 16:54:45,42.0751,-72.0334,35.62,67,29,14.79,scattered clouds
78,Barrow,US,2021-11-27 16:54:45,71.2906,-156.7887,-16.58,83,75,0.0,broken clouds
79,Codrington,AU,2021-11-27 16:54:45,-38.2667,141.9667,46.9,92,0,8.52,clear sky
80,Kapaa,US,2021-11-27 16:54:46,22.0752,-159.319,72.07,68,3,6.76,clear sky
81,Pimentel,PE,2021-11-27 16:54:46,-6.8367,-79.9342,75.49,60,20,6.91,few clouds
82,Isangel,VU,2021-11-27 16:54:47,-19.55,169.2667,77.11,88,75,6.91,broken clouds
83,Saint George,US,2021-11-27 16:54:47,37.1041,-113.5841,52.27,35,1,0.0,clear sky
84,Pangnirtung,CA,2021-11-27 16:54:47,66.1451,-65.7125,23.0,50,75,5.75,broken clouds
85,Ciudad Valles,MX,2021-11-27 16:54:48,21.9833,-99.0167,71.82,72,13,2.73,few clouds
86,Waipawa,NZ,2021-11-27 16:54:48,-41.4122,175.5153,54.23,96,100,6.26,light rain
87,Alofi,NU,2021-11-27 16:54:49,-19.0595,-169.9187,75.09,94,94,2.3,overcast clouds
88,Prieska,ZA,2021-11-27 16:54:49,-29.6641,22.7474,76.33,17,0,20.4,clear sky
89,Mango,US,2021-11-27 16:54:50,27.9797,-82.3065,66.47,35,1,8.05,clear sky
90,Grand Gaube,MU,2021-11-27 16:54:50,-20.0064,57.6608,79.2,70,6,9.6,clear sky
91,Kavieng,PG,2021-11-27 16:54:50,-2.5744,150.7967,82.06,72,75,2.44,broken clouds
92,Palmerston,AU,2021-11-27 16:54:51,-12.486,130.9833,76.98,94,87,0.0,overcast clouds
93,West Wendover,US,2021-11-27 16:54:51,40.7391,-114.0733,25.81,68,1,0.0,clear sky
94,Rundu,NA,2021-11-27 16:54:52,-17.9333,19.7667,84.38,30,69,4.97,broken clouds
95,Barentu,ER,2021-11-27 16:54:52,15.1139,37.5928,81.99,34,1,9.57,clear sky
96,Avarua,CK,2021-11-27 16:54:52,-21.2078,-159.775,78.85,89,75,6.91,broken clouds
97,Rawson,AR,2021-11-27 16:54:53,-43.3002,-65.1023,64.31,48,22,15.12,few clouds
98,Kaitangata,NZ,2021-11-27 16:54:53,-46.2817,169.8464,42.62,93,84,4.81,broken clouds
99,Saint-Francois,FR,2021-11-27 16:54:53,46.4154,3.9054,36.84,87,90,3.44,overcast clouds
100,Constitucion,CL,2021-11-27 16:54:54,-35.3333,-72.4167,63.14,59,0,18.57,clear sky
101,Galesong,ID,2021-11-27 16:54:54,-5.3166,119.3661,77.02,82,100,6.76,overcast clouds
102,Darhan,MN,2021-11-27 16:54:55,49.4867,105.9228,14.5,83,100,5.79,overcast clouds
103,Berlevag,NO,2021-11-27 16:51:45,70.8578,29.0864,20.5,75,50,19.89,scattered clouds
104,Faanui,PF,2021-11-27 16:54:55,-16.4833,-151.75,80.64,74,18,17.67,few clouds
105,Saint-Pierre,RE,2021-11-27 16:54:55,-21.3393,55.4781,76.68,83,40,0.0,light rain
106,North Bend,US,2021-11-27 16:51:31,43.4065,-124.2243,55.31,94,90,8.05,overcast clouds
107,Conceicao Do Araguaia,BR,2021-11-27 16:54:56,-8.2578,-49.2647,92.97,44,22,5.93,few clouds
108,Westport,US,2021-11-27 16:53:52,41.1415,-73.3579,40.96,48,6,18.01,clear sky
109,Esperance,AU,2021-11-27 16:54:57,-33.8667,121.9,58.84,67,0,15.14,clear sky
110,Seoul,KR,2021-11-27 16:50:17,37.5683,126.9778,35.04,84,1,2.3,clear sky
111,Beringovskiy,RU,2021-11-27 16:54:57,63.05,179.3167,2.98,97,100,9.17,overcast clouds
112,Bintulu,MY,2021-11-27 16:54:58,3.1667,113.0333,77.41,94,40,0.0,scattered clouds
113,Cabo San Lucas,MX,2021-11-27 16:54:58,22.8909,-109.9124,73.83,75,100,6.29,overcast clouds
114,Hithadhoo,MV,2021-11-27 16:54:59,-0.6,73.0833,82.67,69,94,18.07,overcast clouds
115,Birjand,IR,2021-11-27 16:53:14,32.8663,59.2211,46.87,57,0,4.61,clear sky
116,Chokurdakh,RU,2021-11-27 16:54:59,70.6333,147.9167,-34.71,100,71,0.36,broken clouds
117,Tasiilaq,GL,2021-11-27 16:55:00,65.6145,-37.6368,27.19,72,100,6.51,overcast clouds
118,Kerema,PG,2021-11-27 16:55:00,-7.9631,145.7785,78.91,81,100,3.89,overcast clouds
119,Yulara,AU,2021-11-27 16:55:01,-25.2406,130.9889,67.84,42,0,5.75,clear sky
120,Tilichiki,RU,2021-11-27 16:55:01,60.4667,166.1,30.52,90,100,26.57,light snow
121,Kiama,AU,2021-11-27 16:55:01,-34.6833,150.8667,56.68,84,99,14.67,overcast clouds
122,Lebu,CL,2021-11-27 16:55:02,-37.6167,-73.65,58.41,67,1,16.24,clear sky
123,Kyabram,AU,2021-11-27 16:55:02,-36.3167,145.05,51.39,73,0,6.73,clear sky
124,Faya,SA,2021-11-27 16:50:39,18.3851,42.4509,64.51,51,40,7.02,scattered clouds
125,East London,ZA,2021-11-27 16:55:03,-33.0153,27.9116,67.14,88,20,9.22,moderate rain
126,Hofn,IS,2021-11-27 16:55:03,64.2539,-15.2082,35.47,47,100,7.25,overcast clouds
127,Qaanaaq,GL,2021-11-27 16:55:04,77.484,-69.3632,2.01,96,100,3.53,overcast clouds
128,Pevek,RU,2021-11-27 16:55:04,69.7008,170.3133,-18.17,90,8,4.38,clear sky
129,Cherskiy,RU,2021-11-27 16:55:04,68.75,161.3,-27.27,93,9,3.69,clear sky
130,Port Lincoln,AU,2021-11-27 16:55:05,-34.7333,135.8667,56.1,84,40,11.95,scattered clouds
131,Cajamarca,PE,2021-11-27 16:55:05,-7.1638,-78.5003,68.07,60,75,4.61,light rain
132,Talnakh,RU,2021-11-27 16:55:06,69.4865,88.3972,0.09,97,100,10.22,light snow
133,Mayo,US,2021-11-27 16:55:06,38.8876,-76.5119,41.04,43,5,16.64,clear sky
134,Koluszki,PL,2021-11-27 16:55:06,51.7387,19.8199,31.62,99,100,4.9,overcast clouds
135,Qui Nhon,VN,2021-11-27 16:55:07,13.7667,109.2333,76.66,94,100,19.62,overcast clouds
136,Wajima,JP,2021-11-27 16:55:07,37.4,136.9,47.91,56,96,13.27,overcast clouds
137,Chiradzulu,MW,2021-11-27 16:55:08,-15.6746,35.1407,64.42,69,49,10.02,scattered clouds
138,Luwuk,ID,2021-11-27 16:55:08,-0.9516,122.7875,78.87,82,99,2.89,overcast clouds
139,Omboue,GA,2021-11-27 16:55:08,-1.5746,9.2618,77.88,88,81,8.99,moderate rain
140,General Roca,AR,2021-11-27 16:55:09,-39.0333,-67.5833,77.4,13,14,23.42,few clouds
141,Mahebourg,MU,2021-11-27 16:55:09,-20.4081,57.7,79.09,73,20,3.44,few clouds
142,Kalabo,ZM,2021-11-27 16:55:10,-14.97,22.6814,75.42,63,88,2.89,overcast clouds
143,Saldanha,ZA,2021-11-27 16:55:10,-33.0117,17.9442,68.05,85,46,17.94,scattered clouds
144,Maumere,ID,2021-11-27 16:55:11,-8.6199,122.2111,81.19,78,94,1.03,overcast clouds
145,Manati,PR,2021-11-27 16:55:11,18.4275,-66.4921,84.52,62,9,6.02,clear sky
146,Coihaique,CL,2021-11-27 16:53:40,-45.5752,-72.0662,59.61,41,20,4.61,few clouds
147,Santarem,BR,2021-11-27 16:55:11,-2.4431,-54.7083,86.13,79,40,8.05,scattered clouds
148,Hit,IQ,2021-11-27 16:55:12,33.6416,42.8251,66.15,38,73,8.46,broken clouds
149,Nishihara,JP,2021-11-27 16:55:12,26.1842,127.7558,70.88,53,75,18.41,broken clouds
150,Maragogi,BR,2021-11-27 16:55:13,-9.0122,-35.2225,84.65,63,61,14.79,broken clouds
151,Miles City,US,2021-11-27 16:55:13,46.4083,-105.8406,39.81,66,100,2.33,overcast clouds
152,Samus,RU,2021-11-27 16:55:14,56.7475,84.6992,18.7,93,100,13.27,snow
153,Vardo,NO,2021-11-27 16:51:29,70.3705,31.1107,23.59,73,73,13.15,broken clouds
154,Araguaina,BR,2021-11-27 16:55:14,-7.1911,-48.2072,87.73,57,66,7.52,broken clouds
155,Tagab,AF,2021-11-27 16:55:15,34.855,69.6492,49.33,38,0,4.72,clear sky
156,Evora,PT,2021-11-27 16:55:15,38.5667,-7.9,54.54,51,25,17.63,scattered clouds
157,Parry Sound,CA,2021-11-27 16:53:12,45.3501,-80.033,28.31,58,3,5.17,clear sky
158,Nioaque,BR,2021-11-27 16:55:15,-21.1353,-55.83,98.6,37,9,5.95,clear sky
159,Kidal,ML,2021-11-27 16:55:16,18.4411,1.4078,87.42,13,4,7.02,clear sky
160,Gorom-Gorom,BF,2021-11-27 16:55:16,14.4439,-0.2361,92.91,10,41,8.52,scattered clouds
161,Opuwo,NA,2021-11-27 16:55:17,-18.0607,13.84,87.49,13,59,14.97,broken clouds
162,Mathbaria,BD,2021-11-27 16:55:17,22.2876,89.9593,64.63,55,23,3.76,few clouds
163,Saint-Philippe,RE,2021-11-27 16:55:18,-21.3585,55.7679,76.59,86,57,4.59,light rain
164,Vila Franca Do Campo,PT,2021-11-27 16:55:18,37.7167,-25.4333,63.01,66,53,8.05,broken clouds
165,Tessalit,ML,2021-11-27 16:55:18,20.1986,1.0114,87.44,15,79,8.55,broken clouds
166,Metro,ID,2021-11-27 16:52:00,-5.1131,105.3067,75.33,86,99,4.45,heavy intensity rain
167,Lavrentiya,RU,2021-11-27 16:55:19,65.5833,-171.0,-10.71,91,4,8.32,clear sky
168,Mwinilunga,ZM,2021-11-27 16:55:19,-11.7358,24.4293,64.69,93,73,4.79,light rain
169,Cidreira,BR,2021-11-27 16:55:20,-30.1811,-50.2056,72.79,85,67,13.69,broken clouds
170,Bilibino,RU,2021-11-27 16:55:20,68.0546,166.4372,-28.46,98,12,4.23,few clouds
171,Klaksvik,FO,2021-11-27 16:55:21,62.2266,-6.589,31.12,67,100,11.39,overcast clouds
172,Awjilah,LY,2021-11-27 16:55:21,29.1081,21.2869,74.3,33,34,4.12,scattered clouds
173,Fortuna,US,2021-11-27 16:55:22,40.5982,-124.1573,49.12,93,1,9.22,clear sky
174,Springbok,ZA,2021-11-27 16:55:22,-29.6643,17.8865,57.2,82,60,18.61,broken clouds
175,Naze,JP,2021-11-27 16:55:23,28.3667,129.4833,62.11,59,7,20.02,clear sky
176,Atascadero,US,2021-11-27 16:55:23,35.4894,-120.6707,47.55,28,45,6.51,scattered clouds
177,Tuatapere,NZ,2021-11-27 16:55:24,-46.1333,167.6833,40.1,94,100,3.09,overcast clouds
178,Sao Filipe,CV,2021-11-27 16:55:24,14.8961,-24.4956,78.51,72,33,9.66,scattered clouds
179,Muros,ES,2021-11-27 16:55:25,42.7762,-9.0603,46.9,64,27,19.71,scattered clouds
180,Hamilton,US,2021-11-27 16:53:20,39.1834,-84.5333,42.21,33,68,10.45,broken clouds
181,Idritsa,RU,2021-11-27 16:55:26,56.3316,28.8988,32.68,99,100,4.0,light snow
182,Chauk,MM,2021-11-27 16:55:26,20.8833,94.8167,72.27,72,8,5.46,clear sky
183,Malanje,AO,2021-11-27 16:55:27,-9.5402,16.341,66.56,91,97,2.62,overcast clouds
184,Zhigansk,RU,2021-11-27 16:55:27,66.7697,123.3711,-3.55,98,100,3.0,overcast clouds
185,Byron Bay,AU,2021-11-27 16:55:22,-28.65,153.6167,69.75,89,100,13.22,overcast clouds
186,Norman Wells,CA,2021-11-27 16:55:28,65.282,-126.8329,-12.96,70,40,5.75,scattered clouds
187,Otane,NZ,2021-11-27 16:55:28,-39.8833,176.6333,53.13,94,97,1.34,moderate rain
188,Valdivia,CL,2021-11-27 16:55:29,-39.8142,-73.2459,62.69,43,18,6.67,few clouds
189,Buala,SB,2021-11-27 16:55:29,-8.145,159.5921,79.41,81,99,1.32,overcast clouds
190,La Rioja,ES,2021-11-27 16:55:30,42.25,-2.5,33.58,95,99,12.53,light rain
191,Male,MV,2021-11-27 16:55:30,4.1748,73.5089,82.35,83,75,10.36,broken clouds
192,Hobyo,SO,2021-11-27 16:55:30,5.3505,48.5268,80.91,78,27,11.25,scattered clouds
193,Tikrit,IQ,2021-11-27 16:55:31,34.6071,43.6782,66.4,36,81,7.38,broken clouds
194,Dikson,RU,2021-11-27 16:55:31,73.5069,80.5464,-8.95,97,100,9.22,overcast clouds
195,Miramar,US,2021-11-27 16:55:32,25.9873,-80.2323,73.42,54,3,5.57,clear sky
196,Vao,NC,2021-11-27 16:55:32,-22.6667,167.4833,75.33,88,100,17.54,overcast clouds
197,Tombouctou,ML,2021-11-27 16:55:33,20.0,-3.0,86.52,16,100,5.95,overcast clouds
198,Ambilobe,MG,2021-11-27 16:55:33,-13.2,49.05,78.26,82,96,0.36,moderate rain
199,Maksatikha,RU,2021-11-27 16:55:33,57.797,35.8825,32.76,98,100,8.79,snow
200,Pacific Grove,US,2021-11-27 16:55:34,36.6177,-121.9166,48.6,47,8,9.84,clear sky
201,Bonga,ET,2021-11-27 16:55:34,7.2833,36.2333,67.62,60,89,1.41,overcast clouds
202,Clyde River,CA,2021-11-27 16:55:34,70.4692,-68.5914,7.03,85,90,5.75,overcast clouds
203,Ust-Karsk,RU,2021-11-27 16:55:35,52.7011,118.8077,9.64,97,100,2.06,overcast clouds
204,Altud,RU,2021-11-27 16:55:35,43.7219,43.8658,32.45,88,85,1.03,overcast clouds
205,Lorengau,PG,2021-11-27 16:55:35,-2.0226,147.2712,80.35,77,66,2.01,broken clouds
206,Ribeira Grande,PT,2021-11-27 16:55:36,38.5167,-28.7,66.6,59,20,13.8,few clouds
207,Kodiak,US,2021-11-27 16:55:36,57.79,-152.4072,12.9,79,88,10.36,overcast clouds
208,Abha,SA,2021-11-27 16:55:05,18.2164,42.5053,64.22,77,0,4.61,clear sky
209,Tadine,NC,2021-11-27 16:55:37,-21.55,167.8833,73.87,91,100,15.12,light rain
210,Le Vauclin,MQ,2021-11-27 16:55:37,14.5452,-60.8388,87.85,66,75,11.5,broken clouds
211,Bathsheba,BB,2021-11-27 16:55:37,13.2167,-59.5167,86.61,70,40,10.36,scattered clouds
212,Mezen,RU,2021-11-27 16:55:38,65.8522,44.24,0.72,98,45,3.56,scattered clouds
213,Ravar,IR,2021-11-27 16:55:38,31.2656,56.8055,56.25,37,3,3.31,clear sky
214,Sencha,UA,2021-11-27 16:55:39,50.2548,33.346,44.26,93,100,8.12,overcast clouds
215,Bethel,US,2021-11-27 16:55:40,41.3712,-73.414,38.23,45,6,14.14,clear sky
216,Cuiluan,CN,2021-11-27 16:55:40,47.72,128.648,10.11,93,46,2.73,scattered clouds
217,Cape Town,ZA,2021-11-27 16:53:47,-33.9258,18.4232,66.61,88,75,25.32,broken clouds
218,Evensk,RU,2021-11-27 16:55:41,61.95,159.2333,2.08,82,95,10.09,overcast clouds
219,Gushikawa,JP,2021-11-27 16:55:41,26.3544,127.8686,70.83,52,40,23.02,scattered clouds
220,Biala Podlaska,PL,2021-11-27 16:55:42,52.0324,23.1165,36.07,70,100,12.01,overcast clouds
221,Tuktoyaktuk,CA,2021-11-27 16:55:42,69.4541,-133.0374,-7.6,77,90,20.71,light snow
222,Pangai,TO,2021-11-27 16:55:43,-19.8,-174.35,81.27,78,99,16.58,overcast clouds
223,Banjar,ID,2021-11-27 16:55:43,-8.19,114.9675,80.46,91,100,4.9,light rain
224,Oranjemund,NA,2021-11-27 16:55:44,-28.55,16.4333,64.89,80,6,9.53,clear sky
225,Flinders,AU,2021-11-27 16:55:44,-34.5833,150.8552,56.48,86,99,13.13,overcast clouds
226,Kalmunai,LK,2021-11-27 16:55:44,7.4167,81.8167,79.43,86,92,1.83,moderate rain
227,Pochutla,MX,2021-11-27 16:51:04,15.7432,-96.4661,87.21,44,6,5.5,clear sky
228,Husavik,IS,2021-11-27 16:55:45,66.0449,-17.3389,35.51,83,98,16.96,overcast clouds
229,Dhule,IN,2021-11-27 16:55:45,20.9,74.7833,75.72,37,38,7.56,scattered clouds
230,Tonj,SS,2021-11-27 16:55:46,7.2737,28.6822,82.78,30,16,4.21,few clouds
231,Pathein,MM,2021-11-27 16:55:46,16.7833,94.7333,74.03,92,13,5.14,few clouds
232,Jalu,LY,2021-11-27 16:51:36,29.0331,21.5482,73.27,34,38,2.93,scattered clouds
233,Saint Anthony,US,2021-11-27 16:55:47,45.0205,-93.218,34.12,51,75,6.91,broken clouds
234,Yorosso,ML,2021-11-27 16:55:47,12.3536,-4.7761,95.0,12,62,7.2,broken clouds
235,Coahuayana,MX,2021-11-27 16:55:47,18.7333,-103.6833,81.88,49,38,0.78,scattered clouds
236,Rio Grande,BR,2021-11-27 16:55:48,-32.035,-52.0986,78.91,74,52,13.0,broken clouds
237,Obihiro,JP,2021-11-27 16:55:48,42.9172,143.2044,30.79,78,45,7.18,scattered clouds
238,Chicama,PE,2021-11-27 16:55:49,-7.8447,-79.1469,66.74,57,25,11.07,scattered clouds
239,Ponta Do Sol,PT,2021-11-27 16:55:49,32.6667,-17.1,61.43,67,21,6.04,few clouds
240,Touros,BR,2021-11-27 16:55:50,-5.1989,-35.4608,88.7,64,68,12.5,broken clouds
241,Udachnyy,RU,2021-11-27 16:55:50,66.4167,112.4,-12.39,95,59,4.9,broken clouds
242,Leningradskiy,RU,2021-11-27 16:55:50,69.3833,178.4167,-19.79,90,6,8.57,clear sky
243,Mutoko,ZW,2021-11-27 16:55:51,-17.397,32.2268,65.39,55,2,11.25,clear sky
244,Sao Joao Da Barra,BR,2021-11-27 16:55:51,-21.6403,-41.0511,78.89,74,88,10.67,overcast clouds
245,Sisimiut,GL,2021-11-27 16:55:52,66.9395,-53.6735,27.48,90,100,11.18,light snow
246,Catamarca,AR,2021-11-27 16:55:52,-28.4696,-65.7852,92.37,30,0,16.84,clear sky
247,Lagoa,PT,2021-11-27 16:55:52,39.05,-27.9833,60.46,64,46,8.75,scattered clouds
248,Mitsamiouli,KM,2021-11-27 16:55:53,-11.3847,43.2844,77.29,94,20,4.61,light rain
249,Surgut,RU,2021-11-27 16:55:53,61.25,73.4167,30.38,100,90,11.18,snow
250,Severo-Kurilsk,RU,2021-11-27 16:55:53,50.6789,156.125,28.56,70,96,24.4,overcast clouds
251,Margate,GB,2021-11-27 16:52:41,51.3813,1.3862,42.51,88,100,32.59,light rain
252,Turinsk,RU,2021-11-27 16:55:54,58.0458,63.696,27.28,85,86,13.44,overcast clouds
253,Bakchar,RU,2021-11-27 16:55:54,57.0186,82.0711,20.95,93,100,12.66,light snow
254,Daloa,CI,2021-11-27 16:55:55,6.8774,-6.4502,87.64,45,69,2.77,broken clouds
255,Myingyan,MM,2021-11-27 16:55:55,21.4667,95.3833,70.59,73,23,3.15,few clouds
256,Krasnyy Chikoy,RU,2021-11-27 16:55:55,50.3643,108.7512,10.62,94,100,2.64,overcast clouds
257,Bangsund,NO,2021-11-27 16:55:56,64.3968,11.3949,16.74,94,51,4.97,broken clouds
258,Marsh Harbour,BS,2021-11-27 16:55:56,26.5412,-77.0636,74.21,65,35,10.63,scattered clouds
259,Mount Gambier,AU,2021-11-27 16:55:57,-37.8333,140.7667,44.51,100,0,8.05,clear sky
260,Tarakan,ID,2021-11-27 16:55:57,3.3,117.6333,80.51,74,82,1.12,broken clouds
261,Bubaque,GW,2021-11-27 16:55:57,11.2833,-15.8333,83.82,62,8,10.96,clear sky
262,Narsaq,GL,2021-11-27 16:55:58,60.9167,-46.05,40.26,98,100,8.7,light rain
263,Ancud,CL,2021-11-27 16:55:58,-41.8697,-73.8203,58.53,53,12,11.48,few clouds
264,Port Macquarie,AU,2021-11-27 16:55:58,-31.4333,152.9167,60.76,89,97,10.38,overcast clouds
265,Lompoc,US,2021-11-27 16:55:59,34.6391,-120.4579,52.52,44,1,8.05,clear sky
266,Copala,MX,2021-11-27 16:55:59,16.65,-98.9833,82.94,63,22,3.27,few clouds
267,Saint-Augustin,CA,2021-11-27 16:55:59,51.226,-58.6502,43.18,94,100,13.11,overcast clouds
268,Alice Springs,AU,2021-11-27 16:56:00,-23.7,133.8833,58.55,63,1,5.75,clear sky
269,Kahului,US,2021-11-27 16:56:00,20.8947,-156.47,65.46,72,0,3.31,clear sky
270,Shimoda,JP,2021-11-27 16:56:01,34.6667,138.95,47.64,50,2,3.98,clear sky
271,Sokolo,ML,2021-11-27 16:56:01,14.7328,-6.1219,96.85,11,35,6.38,scattered clouds
272,Salvador,SV,2021-11-27 16:56:02,13.8333,-88.9167,82.8,53,94,4.25,overcast clouds
273,Ciudad Bolivar,VE,2021-11-27 16:56:02,8.1222,-63.5497,91.89,47,92,8.72,overcast clouds
274,Alexandria,EG,2021-11-27 16:54:51,31.2156,29.9553,75.16,53,0,3.44,clear sky
275,Williston,US,2021-11-27 16:56:03,48.147,-103.618,38.14,69,79,12.48,broken clouds
276,La Ronge,CA,2021-11-27 16:56:03,55.1001,-105.2842,25.05,58,1,8.05,clear sky
277,Salekhard,RU,2021-11-27 16:56:04,66.53,66.6019,-1.66,98,99,6.62,overcast clouds
278,Jiexiu,CN,2021-11-27 16:56:04,37.0244,111.9125,40.53,52,78,1.48,broken clouds
279,Kisangani,CD,2021-11-27 16:56:04,0.5167,25.2,73.83,81,61,1.32,broken clouds
280,Krasnovishersk,RU,2021-11-27 16:56:05,60.4078,57.082,32.32,96,100,10.11,light snow
281,Manicore,BR,2021-11-27 16:56:05,-5.8092,-61.3003,82.78,75,99,3.38,overcast clouds
282,Imbituba,BR,2021-11-27 16:56:05,-28.24,-48.6703,78.69,68,51,17.31,broken clouds
283,Kirakira,SB,2021-11-27 16:56:06,-10.4544,161.9205,78.85,84,76,2.73,broken clouds
284,Lermontovka,RU,2021-11-27 16:56:06,47.1453,134.3383,8.49,98,51,4.32,broken clouds
285,Hami,CN,2021-11-27 16:52:21,42.8,93.45,30.13,53,100,8.03,light snow
286,Mar Del Plata,AR,2021-11-27 16:55:12,-38.0023,-57.5575,66.22,77,40,12.66,scattered clouds
287,Anloga,GH,2021-11-27 16:56:07,5.7947,0.8973,88.02,73,44,11.77,scattered clouds
288,Krasnyy Yar,RU,2021-11-27 16:56:07,46.5331,48.3456,33.73,82,88,7.58,overcast clouds
289,Roma,US,2021-11-27 16:56:08,43.2128,-75.4557,30.83,71,67,15.3,broken clouds
290,Wanlaweyn,SO,2021-11-27 16:56:08,2.6185,44.8938,78.84,78,75,7.16,broken clouds
291,Jurado,CO,2021-11-27 16:56:09,7.1053,-77.7641,78.51,89,98,6.71,light rain
292,Obodivka,UA,2021-11-27 16:56:09,48.4051,29.2477,47.23,71,76,6.55,broken clouds
293,Havre-Saint-Pierre,CA,2021-11-27 16:56:10,50.2334,-63.5986,43.39,93,90,12.66,mist
294,Bairiki,KI,2021-11-27 16:56:10,1.3292,172.9752,82.4,69,75,19.57,broken clouds
295,Fairbanks,US,2021-11-27 16:55:57,64.8378,-147.7164,-16.26,76,90,0.0,overcast clouds
296,Divnomorskoye,RU,2021-11-27 16:56:10,44.5011,38.1353,57.18,86,91,14.43,overcast clouds
297,Qaqortoq,GL,2021-11-27 16:56:11,60.7167,-46.0333,41.05,96,100,9.15,overcast clouds
298,Uni,RU,2021-11-27 16:56:11,57.7535,51.4923,27.05,95,100,14.43,overcast clouds
299,Zaozerne,UA,2021-11-27 16:56:12,45.1582,33.2787,56.71,87,100,20.29,overcast clouds
300,Tabou,CI,2021-11-27 16:51:34,4.423,-7.3528,82.45,72,25,8.08,scattered clouds
301,Bengkulu,ID,2021-11-27 16:56:12,-3.8004,102.2655,76.53,89,100,3.85,moderate rain
302,Parati,BR,2021-11-27 16:56:13,-23.2178,-44.7131,94.1,65,28,4.76,scattered clouds
303,Nemuro,JP,2021-11-27 16:56:13,43.3236,145.575,38.25,63,58,21.05,broken clouds
304,Darlowo,PL,2021-11-27 16:56:14,54.421,16.4107,38.12,73,100,7.78,overcast clouds
305,Sur,OM,2021-11-27 16:56:14,22.5667,59.5289,75.52,63,48,1.72,scattered clouds
306,Tautira,PF,2021-11-27 16:56:14,-17.7333,-149.15,78.82,77,54,18.57,light rain
307,Mehamn,NO,2021-11-27 16:56:15,71.0357,27.8492,17.87,74,42,16.13,scattered clouds
308,Bonfim,BR,2021-11-27 16:56:15,3.0833,-59.95,91.89,46,40,6.4,scattered clouds
309,Nome,US,2021-11-27 16:56:16,64.5011,-165.4064,-17.75,93,15,5.99,few clouds
310,San Pedro De Ycuamandiyu,PY,2021-11-27 16:56:16,-24.0917,-57.0764,99.0,19,0,2.13,clear sky
311,Las Choapas,MX,2021-11-27 16:56:16,17.9333,-94.0833,69.85,74,55,3.42,broken clouds
312,Esna,EG,2021-11-27 16:56:17,25.2934,32.554,75.22,20,17,7.25,few clouds
313,Sayhat,SA,2021-11-27 16:56:17,26.4852,50.0405,77.2,57,0,13.87,clear sky
314,Sitka,US,2021-11-27 16:56:18,57.0531,-135.33,35.87,90,100,6.33,light rain
315,Airai,TL,2021-11-27 16:56:18,-8.9266,125.4092,61.9,94,77,1.23,broken clouds
316,Namuac,PH,2021-11-27 16:56:18,18.6109,121.1657,77.16,91,100,15.64,overcast clouds
317,Libertador General San Martin,AR,2021-11-27 16:56:19,-23.8064,-64.7876,95.94,36,6,12.35,clear sky
318,Tanete,ID,2021-11-27 16:56:19,-3.9443,119.7848,76.39,94,100,3.44,heavy intensity rain
319,Luxor,EG,2021-11-27 16:55:20,25.6989,32.6421,75.25,35,0,2.3,clear sky
320,Sioux Lookout,CA,2021-11-27 16:53:24,50.1001,-91.917,25.18,86,90,9.22,light snow
321,Sidi Ali,DZ,2021-11-27 16:56:20,36.0998,0.4206,53.96,66,66,31.36,broken clouds
322,Denpasar,ID,2021-11-27 16:53:01,-8.65,115.2167,80.26,89,40,2.3,scattered clouds
323,Myitkyina,MM,2021-11-27 16:56:20,25.3833,97.4,59.95,74,0,2.3,clear sky
324,Kathu,TH,2021-11-27 16:56:21,7.9178,98.3332,78.62,82,92,12.84,overcast clouds
325,Bani,DO,2021-11-27 16:56:21,18.2833,-70.3333,85.44,56,22,8.97,few clouds
326,Kavaratti,IN,2021-11-27 16:56:22,10.5669,72.642,82.49,75,100,3.6,overcast clouds
327,Keita,NE,2021-11-27 16:56:22,14.7551,5.7749,96.8,10,44,8.61,scattered clouds
328,Qingdao,CN,2021-11-27 16:56:22,36.0986,120.3719,37.0,93,49,2.24,mist
329,Sinop,TR,2021-11-27 16:56:23,41.7711,34.8709,53.11,74,100,11.54,overcast clouds
330,Xuddur,SO,2021-11-27 16:56:23,4.1213,43.8894,76.15,72,85,6.08,overcast clouds
331,Ucluelet,CA,2021-11-27 16:56:24,48.9329,-125.5528,48.51,94,100,17.81,moderate rain
332,Altamira,BR,2021-11-27 16:56:24,-3.2033,-52.2064,89.69,62,75,9.22,broken clouds
333,Ulaangom,MN,2021-11-27 16:56:24,49.9811,92.0667,9.23,66,28,4.99,scattered clouds
334,Kathmandu,NP,2021-11-27 16:56:23,27.7167,85.3167,52.02,93,20,3.44,mist
335,Along,IN,2021-11-27 16:56:25,28.1667,94.7667,54.54,70,18,2.19,few clouds
336,Dondo,MZ,2021-11-27 16:56:25,-19.6094,34.7431,76.51,68,42,6.46,scattered clouds
337,Baglung,NP,2021-11-27 16:56:26,28.2719,83.5898,51.39,83,15,5.08,few clouds
338,Port Elizabeth,ZA,2021-11-27 16:56:26,-33.918,25.5701,66.49,68,0,10.36,clear sky
339,Guerrero Negro,MX,2021-11-27 16:56:27,27.9769,-114.0611,70.92,47,0,10.49,clear sky
340,Necochea,AR,2021-11-27 16:56:27,-38.5473,-58.7368,68.09,63,90,17.63,moderate rain
341,Ayan,RU,2021-11-27 16:56:28,56.45,138.1667,24.91,60,100,15.19,overcast clouds
342,Haines Junction,CA,2021-11-27 16:56:28,60.7522,-137.5108,-9.45,84,100,1.14,light snow
343,Bud,US,2021-11-27 16:56:29,39.447,-86.1758,41.02,43,58,13.13,broken clouds
344,Eureka,US,2021-11-27 16:51:42,40.8021,-124.1637,49.39,82,85,4.79,overcast clouds
345,Atherton,GB,2021-11-27 16:56:29,53.5237,-2.4935,38.75,63,52,16.53,broken clouds
346,Perumpavur,IN,2021-11-27 16:56:30,10.1333,76.4833,76.91,94,90,3.44,mist
347,Vila Velha,BR,2021-11-27 16:53:40,-20.3297,-40.2925,76.95,78,90,8.05,overcast clouds
348,Torbay,CA,2021-11-27 16:56:30,47.6666,-52.7314,54.37,87,75,24.16,broken clouds
349,Solnechnyy,RU,2021-11-27 16:56:31,50.7214,136.6319,12.45,94,54,5.23,broken clouds
350,Daru,PG,2021-11-27 16:56:31,-9.0763,143.2092,79.18,84,100,1.95,overcast clouds
351,San Luis,AR,2021-11-27 16:56:32,-33.295,-66.3356,73.02,42,72,11.88,broken clouds
352,Jasper,US,2021-11-27 16:56:32,37.2001,-94.3502,54.84,44,18,18.03,few clouds
353,Fairfield,US,2021-11-27 16:54:05,41.2668,-73.3162,39.85,43,5,14.14,clear sky
354,Victoria Point,AU,2021-11-27 16:56:33,-27.5833,153.3,71.56,84,65,13.06,broken clouds
355,Ilulissat,GL,2021-11-27 16:56:33,69.2167,-51.1,15.53,84,100,10.45,overcast clouds
356,Mosjoen,NO,2021-11-27 16:56:34,65.836,13.1908,26.6,94,32,6.8,scattered clouds
357,Salalah,OM,2021-11-27 16:56:34,17.0151,54.0924,78.49,46,7,2.24,clear sky
358,Klyuchi,RU,2021-11-27 16:56:35,52.2667,79.1667,20.53,78,60,17.65,broken clouds
359,Hualmay,PE,2021-11-27 16:56:35,-11.0964,-77.6139,70.43,74,98,8.93,overcast clouds
360,Burnie,AU,2021-11-27 16:56:36,-41.0667,145.9167,48.36,86,21,5.86,few clouds
361,Tikaitnagar,IN,2021-11-27 16:56:36,26.95,81.5833,65.62,42,0,3.89,clear sky
362,Saint-Honore,CA,2021-11-27 16:56:37,48.5334,-71.0824,25.05,86,100,21.85,snow
363,Cap-Aux-Meules,CA,2021-11-27 16:56:37,47.3821,-61.8597,46.45,76,20,19.57,few clouds
364,Port-Gentil,GA,2021-11-27 16:56:38,-0.7193,8.7815,82.36,78,75,9.22,thunderstorm
365,Pedasi,PA,2021-11-27 16:56:38,7.5333,-80.0333,80.85,75,71,11.56,broken clouds
366,Port Hueneme,US,2021-11-27 16:56:39,34.1478,-119.1951,65.03,32,36,4.29,scattered clouds
367,Moerai,PF,2021-11-27 16:56:40,-22.4333,-151.3333,77.32,80,70,13.29,broken clouds
368,Saint-Esteve,FR,2021-11-27 16:56:40,42.7131,2.843,48.02,43,0,12.66,clear sky
369,Annau,TM,2021-11-27 16:56:40,37.8876,58.516,44.1,65,75,2.3,broken clouds
370,Korem,ET,2021-11-27 16:56:41,12.5058,39.5228,55.74,67,39,5.77,scattered clouds
371,Samarai,PG,2021-11-27 16:56:41,-10.6167,150.6667,81.23,81,100,4.99,overcast clouds
372,Kaohsiung,TW,2021-11-27 16:56:42,22.6163,120.3133,75.15,78,75,5.75,light intensity drizzle
373,Kenai,US,2021-11-27 16:56:42,60.5544,-151.2583,6.57,89,99,6.8,overcast clouds
374,Camacha,PT,2021-11-27 16:56:42,33.0833,-16.3333,60.22,77,40,20.71,scattered clouds
375,Jam Sahib,PK,2021-11-27 16:56:43,26.2958,68.6292,66.22,19,1,6.8,clear sky
376,Maniitsoq,GL,2021-11-27 16:56:43,65.4167,-52.9,35.78,96,100,12.37,moderate rain
377,Peniche,PT,2021-11-27 16:56:44,39.3558,-9.3811,54.88,57,75,29.57,broken clouds
378,Ballina,AU,2021-11-27 16:56:44,-28.8667,153.5667,66.38,94,90,14.97,overcast clouds
379,Wanning,CN,2021-11-27 16:56:45,18.8003,110.3967,73.18,86,100,16.44,overcast clouds
380,Amahai,ID,2021-11-27 16:56:45,-3.3333,128.9167,78.85,86,100,2.95,overcast clouds
381,Acari,PE,2021-11-27 16:56:45,-15.4311,-74.6158,76.28,63,83,9.13,broken clouds
382,Iskateley,RU,2021-11-27 16:56:46,67.6803,53.1512,-2.6,99,63,2.15,broken clouds
383,Sinnamary,GF,2021-11-27 16:56:46,5.3833,-52.95,83.97,72,45,10.69,scattered clouds
384,Nha Trang,VN,2021-11-27 16:56:47,12.25,109.1833,75.2,94,100,10.25,overcast clouds
385,Azangaro,PE,2021-11-27 16:56:47,-14.9167,-70.2167,57.42,49,99,2.53,overcast clouds
386,Kadnikov,RU,2021-11-27 16:56:47,59.5022,40.338,32.36,97,100,7.36,overcast clouds
387,Cockburn Town,TC,2021-11-27 16:56:48,21.4612,-71.1419,77.25,74,98,12.46,overcast clouds
388,Marawi,PH,2021-11-27 16:52:33,7.9986,124.2928,70.27,90,100,1.19,overcast clouds
389,Asau,RO,2021-11-27 16:56:48,46.4333,26.4,49.12,85,49,5.39,scattered clouds
390,Wilmington,US,2021-11-27 16:56:37,34.2257,-77.9447,48.11,28,0,5.35,clear sky
391,Basco,PH,2021-11-27 16:56:49,20.4487,121.9702,76.86,84,100,31.7,moderate rain
392,Ketchikan,US,2021-11-27 16:56:50,55.3422,-131.6461,33.78,98,100,8.23,moderate rain
393,Salta,AR,2021-11-27 16:56:50,-24.7859,-65.4117,84.49,42,20,11.5,few clouds
394,Gansing,PH,2021-11-27 16:56:50,6.7403,124.6589,75.52,94,94,0.92,overcast clouds
395,Adelanto,US,2021-11-27 16:56:51,34.5828,-117.4092,59.25,8,9,0.85,clear sky
396,San Quintin,MX,2021-11-27 16:56:51,30.4833,-115.95,70.05,34,0,1.01,clear sky
397,Tokmak,UA,2021-11-27 16:56:51,47.2514,35.7058,49.84,92,82,11.41,broken clouds
398,Mporokoso,ZM,2021-11-27 16:56:52,-9.3727,30.125,63.57,91,51,8.84,light rain
399,Roald,NO,2021-11-27 16:56:53,62.5833,6.1333,28.54,74,20,11.5,few clouds
400,Fort Nelson,CA,2021-11-27 16:56:53,58.8053,-122.7002,4.59,85,75,4.61,broken clouds
401,Huarmey,PE,2021-11-27 16:56:54,-10.0681,-78.1522,70.65,77,98,8.81,overcast clouds
402,Zyryanka,RU,2021-11-27 16:56:54,65.75,150.85,-36.33,98,13,4.47,few clouds
403,Xichang,CN,2021-11-27 16:56:54,27.8964,102.2634,45.54,87,28,2.53,scattered clouds
404,Inuvik,CA,2021-11-27 16:55:59,68.3499,-133.7218,-8.39,77,75,9.22,light snow
405,Bull Savanna,JM,2021-11-27 16:56:55,17.8868,-77.5902,81.27,54,100,1.57,overcast clouds
406,Okhotsk,RU,2021-11-27 16:56:55,59.3833,143.3,0.68,70,84,8.48,broken clouds
407,Shitanjing,CN,2021-11-27 16:56:56,39.2342,106.3439,34.75,53,0,4.09,clear sky
408,Marystown,CA,2021-11-27 16:56:56,47.1666,-55.1483,51.01,96,100,22.35,overcast clouds
409,Dakar,SN,2021-11-27 16:56:57,14.6937,-17.4441,90.48,83,0,18.41,clear sky
410,Najran,SA,2021-11-27 16:56:57,17.4924,44.1277,72.25,38,0,6.26,clear sky
411,Merke,KZ,2021-11-27 16:56:57,42.8728,73.1786,34.72,46,0,6.51,clear sky
412,Suntar,RU,2021-11-27 16:56:58,62.1444,117.6319,-0.87,88,89,8.81,overcast clouds
413,Shingu,JP,2021-11-27 16:56:58,33.7333,135.9833,41.45,76,0,5.32,clear sky
414,Newburgh,US,2021-11-27 16:52:38,41.5034,-74.0104,40.78,45,75,17.27,broken clouds
415,Te Anau,NZ,2021-11-27 16:56:59,-45.4167,167.7167,38.1,96,87,0.58,overcast clouds
416,Kutum,SD,2021-11-27 16:56:59,14.2,24.6667,71.92,12,1,9.19,clear sky
417,Dunmore Town,BS,2021-11-27 16:57:00,25.5,-76.65,74.73,63,34,10.36,scattered clouds
418,Quatre Cocos,MU,2021-11-27 16:57:00,-20.2078,57.7625,78.91,71,19,7.38,few clouds
419,Takoradi,GH,2021-11-27 16:57:01,4.8845,-1.7554,82.4,72,70,8.66,broken clouds
420,Buchanan,LR,2021-11-27 16:57:01,5.8808,-10.0467,89.56,74,100,9.55,overcast clouds
421,Khasan,RU,2021-11-27 16:57:01,42.4308,130.6434,30.45,54,3,4.7,clear sky
422,Honiara,SB,2021-11-27 16:57:02,-9.4333,159.95,77.79,85,100,3.0,overcast clouds
423,Zenzeli,RU,2021-11-27 16:57:02,45.9241,47.0474,41.88,72,100,12.48,overcast clouds
424,Karratha,AU,2021-11-27 16:57:02,-20.7377,116.8463,84.6,34,0,8.95,clear sky
425,Mount Isa,AU,2021-11-27 16:57:03,-20.7333,139.5,74.97,33,0,10.36,clear sky
426,Dwarka,IN,2021-11-27 16:57:03,22.2394,68.9678,77.59,60,3,7.85,clear sky
427,Moussoro,TD,2021-11-27 16:57:03,13.6408,16.4901,85.32,9,0,10.13,clear sky
428,Mardin,TR,2021-11-27 16:57:04,37.3131,40.7436,50.11,62,100,1.21,overcast clouds
429,Saint-Joseph,RE,2021-11-27 16:57:04,-21.3667,55.6167,75.58,86,80,2.68,light rain
430,Srednekolymsk,RU,2021-11-27 16:57:05,67.45,153.6833,-37.3,100,22,1.61,few clouds
431,Karasburg,NA,2021-11-27 16:57:05,-28.0167,18.75,71.67,30,0,21.32,clear sky
432,Carutapera,BR,2021-11-27 16:57:05,-1.195,-46.02,87.03,59,18,8.59,few clouds
433,Verkhoyansk,RU,2021-11-27 16:57:06,67.5447,133.385,-6.3,99,100,1.99,light snow
434,Kismayo,SO,2021-11-27 16:57:06,-0.3582,42.5454,79.7,81,100,6.2,light rain
435,Guanambi,BR,2021-11-27 16:57:07,-14.2233,-42.7814,92.25,33,24,15.01,light rain
436,Vestmannaeyjar,IS,2021-11-27 16:57:07,63.4427,-20.2734,40.19,93,90,11.5,fog
437,Labrea,BR,2021-11-27 16:57:07,-7.2586,-64.7981,83.71,81,85,5.12,overcast clouds
438,Minab,IR,2021-11-27 16:57:08,27.1467,57.0801,76.5,61,0,4.21,clear sky
439,Acarau,BR,2021-11-27 16:57:08,-2.8856,-40.12,88.7,57,61,17.63,broken clouds
440,Bend,US,2021-11-27 16:57:09,44.0582,-121.3153,39.67,87,40,4.61,scattered clouds
441,Benghazi,LY,2021-11-27 16:57:09,32.1167,20.0667,72.37,62,18,16.89,few clouds
442,Robe,AU,2021-11-27 16:57:10,-37.1833,139.75,50.88,83,0,14.16,clear sky
443,Olafsvik,IS,2021-11-27 16:57:10,64.8945,-23.7142,39.29,91,100,1.99,overcast clouds
444,Niitsu,JP,2021-11-27 16:57:10,37.8,139.1167,43.83,68,80,9.98,broken clouds
445,Bhanjanagar,IN,2021-11-27 16:57:11,19.9333,84.5833,71.83,75,100,1.57,overcast clouds
446,Vila,PT,2021-11-27 16:57:11,42.0304,-8.1588,38.28,76,60,10.56,broken clouds
447,Baherden,TM,2021-11-27 16:57:12,38.4362,57.4316,49.77,45,46,5.28,scattered clouds
448,Jos,NG,2021-11-27 16:57:12,9.9167,8.9,73.38,19,96,5.3,overcast clouds
449,Hambantota,LK,2021-11-27 16:57:12,6.1241,81.1185,78.04,87,100,2.73,overcast clouds
450,Sovetskiy,RU,2021-11-27 16:57:13,61.3614,63.5842,29.08,86,55,12.68,broken clouds
451,Ishinomaki,JP,2021-11-27 16:57:13,38.4167,141.3,40.8,86,36,12.95,scattered clouds
452,Camana,PE,2021-11-27 16:57:14,-16.6228,-72.7111,69.28,77,100,9.28,overcast clouds
453,Tekari,IN,2021-11-27 16:57:14,24.9333,84.8333,61.02,41,1,3.94,clear sky
454,Tigil,RU,2021-11-27 16:57:15,57.8,158.6667,-15.66,95,54,4.76,broken clouds
455,Sabha,LY,2021-11-27 16:57:15,27.0377,14.4283,75.61,23,93,5.03,overcast clouds
456,Pudozh,RU,2021-11-27 16:57:15,61.8099,36.5345,14.92,95,100,6.29,overcast clouds
457,Revda,RU,2021-11-27 16:57:16,56.801,59.9303,31.01,89,100,13.11,overcast clouds
458,Presidencia Roque Saenz Pena,AR,2021-11-27 16:57:16,-26.7852,-60.4388,97.99,16,3,8.14,clear sky
459,Padang,ID,2021-11-27 16:52:50,-0.9492,100.3543,75.25,73,92,2.59,overcast clouds
460,Kindu,CD,2021-11-27 16:57:17,-2.95,25.95,73.67,85,84,1.52,broken clouds
461,Comodoro Rivadavia,AR,2021-11-27 16:57:17,-45.8667,-67.5,67.86,19,0,12.66,clear sky
462,Tehri,IN,2021-11-27 16:57:17,30.3833,78.4833,53.49,65,0,4.5,clear sky
463,Egvekinot,RU,2021-11-27 16:57:18,66.3167,-179.1667,-16.89,87,2,6.24,clear sky
464,Cuamba,MZ,2021-11-27 16:57:18,-14.8031,36.5372,70.02,71,59,9.53,broken clouds
465,Khorixas,NA,2021-11-27 16:57:19,-20.3667,14.9667,83.86,17,4,22.1,clear sky
466,Bandarbeyla,SO,2021-11-27 16:57:19,9.4942,50.8122,79.59,83,78,17.87,broken clouds
467,Puerto Leguizamo,CO,2021-11-27 16:57:19,-0.1934,-74.7819,93.52,43,44,3.06,scattered clouds
468,Shar,KZ,2021-11-27 16:57:20,49.5886,81.0453,13.75,80,97,8.84,overcast clouds
469,Marshalltown,US,2021-11-27 16:57:20,42.0494,-92.908,53.44,46,82,14.32,broken clouds
470,Cap Malheureux,MU,2021-11-27 16:57:21,-19.9842,57.6142,79.29,71,7,8.75,clear sky
471,Batticaloa,LK,2021-11-27 16:57:21,7.7102,81.6924,80.13,84,86,6.58,light rain
472,Sungairaya,ID,2021-11-27 16:57:22,0.7,108.9,78.87,87,100,3.85,overcast clouds
473,Port Blair,IN,2021-11-27 16:57:22,11.6667,92.75,80.87,80,11,10.0,few clouds
474,Zhenjiang,CN,2021-11-27 16:57:22,32.2092,119.4342,48.78,81,33,9.57,scattered clouds
475,Brigantine,US,2021-11-27 16:57:23,39.4101,-74.3646,39.49,50,5,20.2,clear sky
476,Lebedyn,UA,2021-11-27 16:57:07,50.5852,34.4849,44.83,96,100,8.39,overcast clouds
477,Thaba Nchu,ZA,2021-11-27 16:57:23,-29.2093,26.839,62.38,85,66,18.97,moderate rain
478,Phrae,TH,2021-11-27 16:57:24,18.0833,100.0,66.61,93,43,2.46,scattered clouds
479,Manggar,ID,2021-11-27 16:57:24,-2.8833,108.2667,79.7,80,100,7.83,overcast clouds
480,Bambanglipuro,ID,2021-11-27 16:57:25,-7.95,110.2833,76.93,88,100,6.73,overcast clouds
481,Sidney,AU,2021-11-27 16:55:57,-33.8679,151.2073,61.9,72,75,23.02,broken clouds
482,Santa Marta,CO,2021-11-27 16:57:25,11.2408,-74.199,81.73,75,95,7.31,overcast clouds
483,Yenagoa,NG,2021-11-27 16:57:26,4.9247,6.2642,80.13,83,100,5.01,light rain
484,Auki,SB,2021-11-27 16:57:26,-8.7676,160.7034,76.53,86,94,3.56,overcast clouds
485,Barkhan,PK,2021-11-27 16:57:27,29.8977,69.5256,54.34,28,0,2.93,clear sky
486,Crema,IT,2021-11-27 16:57:27,45.3588,9.6683,50.32,85,87,5.66,overcast clouds
487,Yumen,CN,2021-11-27 16:57:27,40.2833,97.2,27.5,48,96,6.11,overcast clouds
488,Xacmaz,AZ,2021-11-27 16:57:28,41.4635,48.806,45.73,83,3,1.99,clear sky
489,Berbera,SO,2021-11-27 16:57:28,10.4396,45.0143,81.82,74,11,5.21,few clouds
490,Cherkasskoye,RU,2021-11-27 16:57:29,52.4333,47.2167,14.72,88,24,4.59,few clouds
491,Sibolga,ID,2021-11-27 16:57:29,1.7427,98.7792,75.96,79,98,3.29,overcast clouds
492,Puerto Lempira,HN,2021-11-27 16:57:29,15.2667,-83.7667,86.14,74,75,11.5,broken clouds
493,College,US,2021-11-27 16:57:30,64.8569,-147.8028,-16.28,76,90,0.0,overcast clouds
494,Riyadh,SA,2021-11-27 16:54:02,24.6877,46.7219,73.54,31,30,13.0,scattered clouds
495,Oshnaviyeh,IR,2021-11-27 16:57:30,37.0397,45.0983,39.45,64,69,5.03,broken clouds
496,Aklavik,CA,2021-11-27 16:57:31,68.2191,-135.0107,-10.37,70,40,14.97,scattered clouds
497,Lichuan,CN,2021-11-27 16:57:31,30.3,108.85,40.14,74,79,1.43,broken clouds
498,Sturgeon Falls,CA,2021-11-27 16:56:33,46.3646,-79.9326,10.36,66,9,4.43,clear sky
499,Coruripe,BR,2021-11-27 16:57:32,-10.1256,-36.1756,85.84,64,65,19.26,broken clouds
500,Cayenne,GF,2021-11-27 16:57:32,4.9333,-52.3333,87.84,70,86,10.36,overcast clouds
501,Eyrarbakki,IS,2021-11-27 16:57:33,63.863,-21.1481,40.24,90,100,8.63,overcast clouds
502,Prince Rupert,CA,2021-11-27 16:57:33,54.3161,-130.3201,46.09,74,90,26.46,light rain
503,Strezhevoy,RU,2021-11-27 16:57:33,60.7333,77.5889,26.58,96,100,9.26,light snow
504,Kamenka,RU,2021-11-27 16:57:34,51.3223,42.7678,33.85,82,100,20.42,light rain
505,Puerto Asis,CO,2021-11-27 16:57:34,0.5133,-76.5007,88.36,50,69,4.34,broken clouds
506,San Nicolas,PH,2021-11-27 16:57:35,18.1725,120.5953,78.98,75,77,9.35,broken clouds
507,Provideniya,RU,2021-11-27 16:57:35,64.3833,-173.3,-5.28,84,3,5.37,clear sky
508,Gat,IL,2021-11-27 16:57:36,31.61,34.7642,68.68,52,52,4.43,broken clouds
509,Ponta Delgada,PT,2021-11-27 16:57:36,37.7333,-25.6667,63.32,63,75,6.91,broken clouds
510,Sechura,PE,2021-11-27 16:57:36,-5.5569,-80.8222,77.43,58,26,8.68,scattered clouds
511,Okato,NZ,2021-11-27 16:57:37,-39.2,173.8833,58.37,92,90,3.58,overcast clouds
512,Portland,US,2021-11-27 16:53:10,45.5234,-122.6762,52.39,94,98,2.64,overcast clouds
513,Kuliyapitiya,LK,2021-11-27 16:57:37,7.4688,80.0401,76.68,98,100,3.09,moderate rain
514,Buriti Bravo,BR,2021-11-27 16:57:38,-5.8372,-43.8336,92.53,42,66,3.89,broken clouds
515,Kaeo,NZ,2021-11-27 16:57:38,-35.1,173.7833,55.62,91,39,2.19,scattered clouds
516,Ibotirama,BR,2021-11-27 16:57:38,-12.1853,-43.2206,87.78,46,65,8.32,moderate rain
517,Nizhnevartovsk,RU,2021-11-27 16:57:39,60.9344,76.5531,26.62,93,90,13.42,light snow
518,Montmagny,FR,2021-11-27 16:57:39,48.9734,2.3469,39.56,90,90,9.22,overcast clouds
519,San Policarpo,PH,2021-11-27 16:57:40,12.1791,125.5072,81.28,84,70,11.68,broken clouds
520,Thinadhoo,MV,2021-11-27 16:57:40,0.5333,72.9333,82.9,68,100,18.66,overcast clouds
521,Belle Fourche,US,2021-11-27 16:57:40,44.6714,-103.8522,45.91,57,87,19.08,overcast clouds
522,Tolaga Bay,NZ,2021-11-27 16:57:41,-38.3667,178.3,57.79,77,92,3.58,overcast clouds
523,Tahta,EG,2021-11-27 16:57:41,26.7693,31.5021,77.32,18,13,7.0,few clouds
524,Puerto Ayacucho,VE,2021-11-27 16:57:41,5.6639,-67.6236,88.79,58,62,5.55,broken clouds
525,Kirkuk,IQ,2021-11-27 16:57:42,35.4681,44.3922,62.62,44,98,6.08,overcast clouds
526,Athabasca,CA,2021-11-27 16:57:42,54.7169,-113.2854,21.02,82,17,4.97,few clouds
527,Guiberoua,CI,2021-11-27 16:57:43,6.2392,-6.1727,86.05,58,71,3.4,broken clouds
528,Roebourne,AU,2021-11-27 16:57:43,-20.7833,117.1333,84.96,31,0,10.18,clear sky
529,Kamyaran,IR,2021-11-27 16:57:43,34.7956,46.9355,51.75,52,81,1.12,broken clouds
530,San Cristobal,VE,2021-11-27 16:57:44,7.7669,-72.225,73.58,45,73,4.83,broken clouds
531,Amapa,BR,2021-11-27 16:57:44,1.0,-52.0,82.17,70,62,2.37,broken clouds
532,Mugur-Aksy,RU,2021-11-27 16:57:45,50.35,90.5,-3.93,67,24,6.53,few clouds
533,Iberia,US,2021-11-27 16:57:45,29.9502,-91.7507,55.38,48,100,3.15,overcast clouds
534,Robertsport,LR,2021-11-27 16:57:45,6.7533,-11.3686,83.26,71,40,11.05,scattered clouds
535,Killybegs,IE,2021-11-27 16:57:46,54.6333,-8.45,40.71,64,94,15.26,overcast clouds
536,Arcachon,FR,2021-11-27 16:57:46,44.5875,-1.0519,44.92,87,75,8.05,light rain
537,Barnstaple,GB,2021-11-27 16:57:47,51.0802,-4.0581,41.22,56,49,27.31,scattered clouds
538,Atar,MR,2021-11-27 16:57:47,20.5169,-13.0499,84.63,24,57,13.94,broken clouds
539,Arinos,BR,2021-11-27 16:57:47,-15.9169,-46.1056,89.17,41,47,6.93,heavy intensity rain
540,West Plains,US,2021-11-27 16:57:48,36.7281,-91.8524,54.72,38,0,8.66,clear sky
541,Fort Smith,US,2021-11-27 16:56:29,35.3859,-94.3986,57.69,39,65,4.18,broken clouds
542,Labuhan,ID,2021-11-27 16:57:48,-6.8844,112.2051,78.66,87,100,10.22,light rain
543,Natitingou,BJ,2021-11-27 16:57:49,10.3042,1.3796,93.25,15,85,4.23,overcast clouds
544,Tigzirt,DZ,2021-11-27 16:57:49,36.8886,4.1198,55.8,71,57,23.13,broken clouds
545,Ribnitz-Damgarten,DE,2021-11-27 16:57:50,54.25,12.4667,36.05,99,100,9.64,light rain
546,Yemtsa,RU,2021-11-27 16:57:50,63.0734,40.3329,8.92,98,96,2.42,overcast clouds
547,Santa Rosa,PH,2021-11-27 16:57:50,14.3122,121.1114,80.58,83,83,9.57,broken clouds
548,Bonthe,SL,2021-11-27 16:57:51,7.5264,-12.505,83.66,71,51,8.88,light rain
549,Port Hardy,CA,2021-11-27 16:57:51,50.6996,-127.4199,44.6,93,75,28.77,light intensity shower rain
550,Sancti Spiritus,CU,2021-11-27 16:54:14,21.9297,-79.4425,78.98,62,35,7.9,scattered clouds
551,Bereznik,RU,2021-11-27 16:57:52,62.8551,42.7072,5.63,99,96,1.52,overcast clouds
552,Hirara,JP,2021-11-27 16:57:52,24.8,125.2833,70.48,77,100,28.1,light rain
553,Conil,FR,2021-11-27 16:57:53,44.9673,3.7177,26.74,92,35,9.17,scattered clouds
554,Mach,PK,2021-11-27 16:57:53,29.8637,67.3298,58.89,18,0,7.14,clear sky
555,Soubre,CI,2021-11-27 16:57:53,5.7856,-6.6083,86.34,60,55,4.03,broken clouds
556,Zhuanghe,CN,2021-11-27 16:57:54,39.7008,122.9911,38.5,71,3,0.54,clear sky
557,Yerbogachen,RU,2021-11-27 16:57:54,61.2767,108.0108,-1.66,95,93,8.01,overcast clouds
558,Pilar,BR,2021-11-27 16:56:16,-9.5972,-35.9567,91.33,53,78,16.91,broken clouds
559,Beloha,MG,2021-11-27 16:57:55,-25.1667,45.05,62.74,61,8,10.65,clear sky
560,Mingshui,CN,2021-11-27 16:57:55,36.7167,117.5,46.47,68,98,5.39,overcast clouds
561,Ghanzi,BW,2021-11-27 16:57:56,-21.5667,21.7833,83.64,30,70,8.3,broken clouds
562,Chingirlau,KZ,2021-11-27 16:57:56,51.095,54.0814,18.46,81,2,7.45,clear sky
563,Malindi,KE,2021-11-27 16:57:56,-3.2175,40.1191,82.56,78,40,13.8,scattered clouds
564,Pinotepa Nacional,MX,2021-11-27 16:57:57,16.3167,-98.0167,87.48,40,8,2.06,clear sky
565,Geraldton,AU,2021-11-27 16:57:57,-28.7667,114.6,64.81,72,0,5.75,clear sky
566,Havoysund,NO,2021-11-27 16:57:58,70.9963,24.6622,23.88,71,70,15.26,broken clouds
567,Barranca,PE,2021-11-27 16:57:58,-10.75,-77.7667,68.86,76,97,9.55,overcast clouds
568,Shizunai,JP,2021-11-27 16:57:58,42.3339,142.3669,35.08,74,53,14.72,broken clouds
569,Segovia,ES,2021-11-27 16:57:59,41.1667,-4.0,33.19,70,94,12.12,light snow
570,Mitzic,GA,2021-11-27 16:57:59,0.7821,11.549,71.78,94,61,2.13,light rain
571,Noumea,NC,2021-11-27 16:58:00,-22.2763,166.4572,75.18,84,80,9.01,broken clouds
572,Namatanai,PG,2021-11-27 16:58:00,-3.6667,152.4333,78.37,83,60,4.43,moderate rain
573,Lae,PG,2021-11-27 16:58:01,-6.7221,146.9847,75.54,90,98,6.35,overcast clouds
574,Nakusp,CA,2021-11-27 16:58:01,50.2499,-117.8023,32.34,100,100,2.3,overcast clouds
575,Tangjiazhuang,CN,2021-11-27 16:58:01,39.7333,118.45,40.89,67,99,2.28,overcast clouds
576,Stawell,AU,2021-11-27 16:58:02,-37.05,142.7667,44.29,95,8,8.55,clear sky
577,Sungaipenuh,ID,2021-11-27 16:58:03,-2.0833,101.3833,64.94,85,97,0.4,overcast clouds
578,Nhulunbuy,AU,2021-11-27 16:58:03,-12.2333,136.7667,77.61,94,32,0.0,scattered clouds
579,Mazatlan,MX,2021-11-27 16:58:04,23.2167,-106.4167,74.39,58,100,2.35,overcast clouds
580,Ca Mau,VN,2021-11-27 16:57:09,9.1769,105.15,72.91,87,100,6.13,light rain
581,Port Augusta,AU,2021-11-27 16:58:05,-32.5,137.7667,60.94,64,45,8.9,scattered clouds
582,Williamsport,US,2021-11-27 16:57:05,41.2412,-77.0011,37.4,42,31,11.14,scattered clouds
583,Nacozari,MX,2021-11-27 16:58:06,25.3366,-108.2574,74.7,57,94,3.04,overcast clouds
584,Broome,US,2021-11-27 16:58:07,42.2506,-75.833,29.17,63,90,13.8,overcast clouds
585,Nurota,UZ,2021-11-27 16:58:07,40.5614,65.6886,33.89,65,26,3.71,scattered clouds
586,Kyshtovka,RU,2021-11-27 16:58:07,56.555,76.6271,25.99,92,100,16.55,overcast clouds
587,Clarksville,US,2021-11-27 16:53:30,36.5298,-87.3595,50.74,43,1,14.97,clear sky
588,Tual,ID,2021-11-27 16:58:08,-5.6667,132.75,83.53,70,94,2.28,overcast clouds
589,Hammerfest,NO,2021-11-27 16:58:08,70.6634,23.6821,23.45,58,68,10.36,broken clouds
590,Yilan,TW,2021-11-27 16:58:09,24.757,121.753,68.11,89,100,5.3,overcast clouds
591,Aljezur,PT,2021-11-27 16:58:09,37.3191,-8.8033,55.92,51,29,22.7,scattered clouds
592,Ust-Nera,RU,2021-11-27 16:58:10,64.5667,143.2,-15.83,99,100,6.69,light snow
593,Constantine,DZ,2021-11-27 16:58:11,36.365,6.6147,53.01,58,75,18.41,broken clouds
594,Zambezi,ZM,2021-11-27 16:58:11,-13.5432,23.1047,73.96,64,84,5.35,light rain
595,Port-De-Bouc,FR,2021-11-27 16:58:12,43.4,4.9833,50.02,63,0,12.66,clear sky
596,Dabakala,CI,2021-11-27 16:58:12,8.3667,-4.4333,93.43,30,36,4.03,scattered clouds
597,Griffith,US,2021-11-27 16:58:13,41.5284,-87.4237,37.22,67,90,9.22,overcast clouds
598,Umm Lajj,SA,2021-11-27 16:58:13,25.0213,37.2685,80.28,65,0,8.97,clear sky
599,Payo,ID,2021-11-27 16:58:13,-3.7508,103.6372,73.65,80,100,1.54,overcast clouds
600,Keuruu,FI,2021-11-27 16:58:14,62.2667,24.7,15.94,95,61,3.76,broken clouds
601,Altoona,US,2021-11-27 16:58:14,40.5187,-78.3947,32.72,51,34,11.81,scattered clouds
602,Astoria,US,2021-11-27 16:58:15,46.1879,-123.8313,51.15,94,100,8.84,overcast clouds
603,Alihe,CN,2021-11-27 16:58:15,50.5667,123.7167,9.16,98,90,1.39,overcast clouds
604,Tsuruoka,JP,2021-11-27 16:58:16,38.7217,139.8217,44.91,76,100,15.12,light rain
605,Iquitos,PE,2021-11-27 16:58:16,-3.7481,-73.2472,91.44,58,75,5.75,broken clouds
606,Chumphon,TH,2021-11-27 16:58:17,10.3333,98.8333,67.69,95,65,1.48,broken clouds
607,Shelburne,CA,2021-11-27 16:58:17,44.0787,-80.2041,28.29,67,45,9.1,scattered clouds
608,Alghero,IT,2021-11-27 16:58:17,40.5589,8.3181,55.49,76,40,8.05,scattered clouds
609,Pisco,PE,2021-11-27 16:58:18,-13.7,-76.2167,69.85,73,0,11.5,clear sky
610,Marzuq,YE,2021-11-27 16:58:18,14.4,46.4667,73.31,37,0,3.0,clear sky
611,Gamba,GA,2021-11-27 16:58:18,-2.65,10.0,78.37,84,65,12.33,broken clouds
612,Santa Engracia,ES,2021-11-27 16:58:19,41.9406,-1.3245,42.39,83,66,22.64,light rain
613,Tayoltita,MX,2021-11-27 16:58:19,24.0833,-105.9333,60.57,90,100,0.78,overcast clouds
614,Merauke,ID,2021-11-27 16:58:19,-8.4667,140.3333,81.32,76,100,4.68,overcast clouds
615,Havre,FR,2021-11-27 16:58:20,49.5833,0.3333,42.57,81,90,34.52,light rain
616,Gawler,AU,2021-11-27 16:58:20,-34.6,138.7333,62.11,65,2,2.46,clear sky
617,Shahrud,IR,2021-11-27 16:58:21,36.4182,54.9763,44.56,56,17,0.76,few clouds
618,Namibe,AO,2021-11-27 16:58:21,-15.1961,12.1522,70.95,68,62,13.38,broken clouds
619,Barra Do Corda,BR,2021-11-27 16:58:21,-5.5,-45.25,88.41,55,61,4.21,broken clouds
620,Chumikan,RU,2021-11-27 16:58:22,54.7183,135.315,18.01,76,79,18.81,broken clouds
621,Wewak,PG,2021-11-27 16:58:22,-3.5534,143.6268,78.15,87,94,4.9,overcast clouds
622,San Esteban,HN,2021-11-27 16:58:23,15.2,-85.75,69.85,95,100,2.89,overcast clouds
623,Qasigiannguit,GL,2021-11-27 16:58:23,68.8193,-51.1922,16.07,91,100,5.12,overcast clouds
624,Malumfashi,NG,2021-11-27 16:58:23,11.7853,7.6218,79.79,17,52,8.37,broken clouds
625,Burgeo,CA,2021-11-27 16:58:24,47.6167,-57.6152,47.89,82,100,17.83,overcast clouds
626,Loviisa,FI,2021-11-27 16:58:24,60.4566,26.2251,18.63,80,100,13.69,overcast clouds
627,Lundazi,ZM,2021-11-27 16:58:25,-12.2929,33.1782,68.68,68,82,7.99,broken clouds
628,Marsa Matruh,EG,2021-11-27 16:54:14,31.3525,27.2453,75.4,38,0,4.61,clear sky
629,Vanimo,PG,2021-11-27 16:58:25,-2.6741,141.3028,77.65,89,100,4.27,overcast clouds
630,Rafaela,AR,2021-11-27 16:58:26,-31.2503,-61.4867,89.74,27,62,13.29,broken clouds
631,Kolodeznyy,RU,2021-11-27 16:58:26,51.3333,39.1833,36.41,90,100,16.51,overcast clouds
632,Oistins,BB,2021-11-27 16:53:53,13.0667,-59.5333,86.09,70,40,10.36,scattered clouds
633,Kangaatsiaq,GL,2021-11-27 16:58:27,68.3065,-53.4641,27.21,79,100,14.5,overcast clouds
634,Abyek,IR,2021-11-27 16:58:27,36.0667,50.55,47.8,50,0,2.8,clear sky
635,Poum,NC,2021-11-27 16:58:28,-20.2333,164.0167,79.14,77,1,13.56,clear sky
636,Grindavik,IS,2021-11-27 16:58:28,63.8424,-22.4338,36.07,100,75,5.75,broken clouds
637,Hayden,US,2021-11-27 16:55:29,47.766,-116.7866,37.44,100,90,8.05,fog
638,Agdas,AZ,2021-11-27 16:58:29,40.65,47.4761,42.67,66,28,1.7,scattered clouds
639,Koshurnikovo,RU,2021-11-27 16:58:29,54.1667,93.3,15.35,95,100,5.59,snow
640,Whitehorse,CA,2021-11-27 16:53:57,60.7161,-135.0538,-1.43,84,90,2.3,light snow
641,Olinda,BR,2021-11-27 16:57:15,-8.0089,-34.8553,87.53,62,20,10.36,few clouds
642,Kang,BW,2021-11-27 16:58:30,-23.6752,22.7876,76.95,46,81,20.38,light rain
643,Ostersund,SE,2021-11-27 16:58:30,63.1792,14.6357,16.25,92,90,4.61,overcast clouds
644,Bowen,AU,2021-11-27 16:58:31,-20.0167,148.2333,75.42,80,2,4.07,clear sky
645,Minden,DE,2021-11-27 16:58:31,52.2833,8.9167,39.42,81,75,4.61,broken clouds
646,Oum Hadjer,TD,2021-11-27 16:58:32,13.2954,19.6966,84.15,10,0,5.17,clear sky
647,Villazon,BO,2021-11-27 16:58:32,-22.0866,-65.5942,72.84,17,27,15.9,scattered clouds
648,Itarema,BR,2021-11-27 16:58:33,-2.9248,-39.9167,88.56,56,41,15.79,scattered clouds
649,Vanderhoof,CA,2021-11-27 16:58:33,54.0166,-124.0198,31.15,90,100,6.69,snow
650,Yekaterinoslavka,RU,2021-11-27 16:58:34,50.3734,129.1139,9.05,92,84,8.79,broken clouds
651,Stornoway,GB,2021-11-27 16:58:34,58.2093,-6.3865,33.76,80,20,6.91,snow
652,Alta Floresta,BR,2021-11-27 16:58:35,-9.8756,-56.0861,85.62,67,72,3.51,broken clouds
653,Bandundu,CD,2021-11-27 16:55:08,-3.3167,17.3667,77.61,75,52,3.65,broken clouds
654,Shreveport,US,2021-11-27 16:58:35,32.5251,-93.7502,48.74,28,100,6.78,overcast clouds
655,Lufilufi,WS,2021-11-27 16:58:36,-13.8745,-171.5986,81.5,81,81,15.99,light rain
656,Beisfjord,NO,2021-11-27 16:58:36,68.3751,17.5988,15.85,83,6,8.59,clear sky
657,Jojoima,SL,2021-11-27 16:58:37,7.8792,-10.7878,87.19,51,46,2.04,scattered clouds
658,Kieta,PG,2021-11-27 16:58:37,-6.2167,155.6333,78.82,85,100,1.28,moderate rain
659,Chake Chake,TZ,2021-11-27 16:58:38,-5.2459,39.7666,79.74,77,100,10.27,overcast clouds
660,Kristinehamn,SE,2021-11-27 16:58:38,59.3098,14.1081,28.38,71,100,12.5,overcast clouds
661,Atbasar,KZ,2021-11-27 16:58:39,51.8,68.3333,11.53,93,24,11.05,few clouds
662,Half Moon Bay,US,2021-11-27 16:57:55,37.4636,-122.4286,55.27,85,20,0.0,mist
663,Monterey,US,2021-11-27 16:58:39,36.2505,-121.2516,59.09,23,24,0.76,few clouds
664,Woodstock,CA,2021-11-27 16:56:27,43.1334,-80.7497,30.42,56,75,9.1,broken clouds
665,Dingle,PH,2021-11-27 16:58:40,10.9995,122.6711,76.46,93,45,6.78,scattered clouds
666,Dzaoudzi,YT,2021-11-27 16:58:40,-12.7887,45.2699,80.49,78,0,4.61,clear sky
667,Penzance,GB,2021-11-27 16:58:41,50.1186,-5.5371,43.81,68,95,37.54,light rain
668,Rustenburg,ZA,2021-11-27 16:58:41,-25.6676,27.2421,72.86,48,70,12.75,broken clouds
669,Abu Dhabi,AE,2021-11-27 16:57:15,24.4667,54.3667,80.71,69,0,8.05,clear sky
670,Hay River,CA,2021-11-27 16:58:42,60.8156,-115.7999,-7.62,84,40,3.44,scattered clouds
671,Cabinda,AO,2021-11-27 16:58:42,-5.55,12.2,77.14,94,75,5.75,broken clouds
672,Staryy Nadym,RU,2021-11-27 16:58:43,65.6118,72.6842,7.45,96,100,6.62,overcast clouds
